<application>
  <component name="AndroidLogcatFilterHistory">
    <option name="mostRecentlyUsed" value="package:mine level:error" />
    <option name="nonFavorites">
      <list>
        <option value="package:mine level:error" />
        <option value="package:mine " />
        <option value="level:error " />
        <option value="package:mine" />
        <option value="level:error" />
        <option value="package:mine level:info " />
        <option value="package:mine level:error " />
      </list>
    </option>
  </component>
</application>