<application>
  <component name="ProjectJdkTable">
    <jdk version="2">
      <name value="Kotlin SDK" />
      <type value="KotlinSDK" />
      <version value="1.2.30" />
      <homePath value="C:\Android\AndroidStudio\plugins\Kotlin\kotlinc" />
      <roots>
        <annotationsPath>
          <root type="composite" />
        </annotationsPath>
        <classPath>
          <root type="composite" />
        </classPath>
        <javadocPath>
          <root type="composite" />
        </javadocPath>
        <sourcePath>
          <root type="composite" />
        </sourcePath>
      </roots>
      <additional />
    </jdk>
    <jdk version="2">
      <name value="1.8" />
      <type value="JavaSDK" />
      <version value="version 11.0.12" />
      <homePath value="$APPLICATION_HOME_DIR$/jre" />
      <roots>
        <annotationsPath>
          <root type="composite">
            <root url="jar://$APPLICATION_HOME_DIR$/plugins/java/lib/jdkAnnotations.jar!/" type="simple" />
          </root>
        </annotationsPath>
        <classPath>
          <root type="composite">
            <root url="jrt://C:/Program Files/Android/Android Studio/jre!/java.base" type="simple" />
            <root url="jrt://C:/Program Files/Android/Android Studio/jre!/java.compiler" type="simple" />
            <root url="jrt://C:/Program Files/Android/Android Studio/jre!/java.datatransfer" type="simple" />
            <root url="jrt://C:/Program Files/Android/Android Studio/jre!/java.desktop" type="simple" />
            <root url="jrt://C:/Program Files/Android/Android Studio/jre!/java.instrument" type="simple" />
            <root url="jrt://C:/Program Files/Android/Android Studio/jre!/java.logging" type="simple" />
            <root url="jrt://C:/Program Files/Android/Android Studio/jre!/java.management" type="simple" />
            <root url="jrt://C:/Program Files/Android/Android Studio/jre!/java.management.rmi" type="simple" />
            <root url="jrt://C:/Program Files/Android/Android Studio/jre!/java.naming" type="simple" />
            <root url="jrt://C:/Program Files/Android/Android Studio/jre!/java.net.http" type="simple" />
            <root url="jrt://C:/Program Files/Android/Android Studio/jre!/java.prefs" type="simple" />
            <root url="jrt://C:/Program Files/Android/Android Studio/jre!/java.rmi" type="simple" />
            <root url="jrt://C:/Program Files/Android/Android Studio/jre!/java.scripting" type="simple" />
            <root url="jrt://C:/Program Files/Android/Android Studio/jre!/java.se" type="simple" />
            <root url="jrt://C:/Program Files/Android/Android Studio/jre!/java.security.jgss" type="simple" />
            <root url="jrt://C:/Program Files/Android/Android Studio/jre!/java.security.sasl" type="simple" />
            <root url="jrt://C:/Program Files/Android/Android Studio/jre!/java.smartcardio" type="simple" />
            <root url="jrt://C:/Program Files/Android/Android Studio/jre!/java.sql" type="simple" />
            <root url="jrt://C:/Program Files/Android/Android Studio/jre!/java.sql.rowset" type="simple" />
            <root url="jrt://C:/Program Files/Android/Android Studio/jre!/java.transaction.xa" type="simple" />
            <root url="jrt://C:/Program Files/Android/Android Studio/jre!/java.xml" type="simple" />
            <root url="jrt://C:/Program Files/Android/Android Studio/jre!/java.xml.crypto" type="simple" />
            <root url="jrt://C:/Program Files/Android/Android Studio/jre!/jdk.accessibility" type="simple" />
            <root url="jrt://C:/Program Files/Android/Android Studio/jre!/jdk.aot" type="simple" />
            <root url="jrt://C:/Program Files/Android/Android Studio/jre!/jdk.attach" type="simple" />
            <root url="jrt://C:/Program Files/Android/Android Studio/jre!/jdk.charsets" type="simple" />
            <root url="jrt://C:/Program Files/Android/Android Studio/jre!/jdk.compiler" type="simple" />
            <root url="jrt://C:/Program Files/Android/Android Studio/jre!/jdk.crypto.cryptoki" type="simple" />
            <root url="jrt://C:/Program Files/Android/Android Studio/jre!/jdk.crypto.ec" type="simple" />
            <root url="jrt://C:/Program Files/Android/Android Studio/jre!/jdk.dynalink" type="simple" />
            <root url="jrt://C:/Program Files/Android/Android Studio/jre!/jdk.hotspot.agent" type="simple" />
            <root url="jrt://C:/Program Files/Android/Android Studio/jre!/jdk.httpserver" type="simple" />
            <root url="jrt://C:/Program Files/Android/Android Studio/jre!/jdk.internal.ed" type="simple" />
            <root url="jrt://C:/Program Files/Android/Android Studio/jre!/jdk.internal.jvmstat" type="simple" />
            <root url="jrt://C:/Program Files/Android/Android Studio/jre!/jdk.internal.le" type="simple" />
            <root url="jrt://C:/Program Files/Android/Android Studio/jre!/jdk.internal.opt" type="simple" />
            <root url="jrt://C:/Program Files/Android/Android Studio/jre!/jdk.internal.vm.ci" type="simple" />
            <root url="jrt://C:/Program Files/Android/Android Studio/jre!/jdk.internal.vm.compiler" type="simple" />
            <root url="jrt://C:/Program Files/Android/Android Studio/jre!/jdk.internal.vm.compiler.management" type="simple" />
            <root url="jrt://C:/Program Files/Android/Android Studio/jre!/jdk.jartool" type="simple" />
            <root url="jrt://C:/Program Files/Android/Android Studio/jre!/jdk.javadoc" type="simple" />
            <root url="jrt://C:/Program Files/Android/Android Studio/jre!/jdk.jdeps" type="simple" />
            <root url="jrt://C:/Program Files/Android/Android Studio/jre!/jdk.jdi" type="simple" />
            <root url="jrt://C:/Program Files/Android/Android Studio/jre!/jdk.jdwp.agent" type="simple" />
            <root url="jrt://C:/Program Files/Android/Android Studio/jre!/jdk.jfr" type="simple" />
            <root url="jrt://C:/Program Files/Android/Android Studio/jre!/jdk.jlink" type="simple" />
            <root url="jrt://C:/Program Files/Android/Android Studio/jre!/jdk.jsobject" type="simple" />
            <root url="jrt://C:/Program Files/Android/Android Studio/jre!/jdk.localedata" type="simple" />
            <root url="jrt://C:/Program Files/Android/Android Studio/jre!/jdk.management" type="simple" />
            <root url="jrt://C:/Program Files/Android/Android Studio/jre!/jdk.management.agent" type="simple" />
            <root url="jrt://C:/Program Files/Android/Android Studio/jre!/jdk.management.jfr" type="simple" />
            <root url="jrt://C:/Program Files/Android/Android Studio/jre!/jdk.naming.dns" type="simple" />
            <root url="jrt://C:/Program Files/Android/Android Studio/jre!/jdk.naming.rmi" type="simple" />
            <root url="jrt://C:/Program Files/Android/Android Studio/jre!/jdk.net" type="simple" />
            <root url="jrt://C:/Program Files/Android/Android Studio/jre!/jdk.pack" type="simple" />
            <root url="jrt://C:/Program Files/Android/Android Studio/jre!/jdk.scripting.nashorn" type="simple" />
            <root url="jrt://C:/Program Files/Android/Android Studio/jre!/jdk.scripting.nashorn.shell" type="simple" />
            <root url="jrt://C:/Program Files/Android/Android Studio/jre!/jdk.sctp" type="simple" />
            <root url="jrt://C:/Program Files/Android/Android Studio/jre!/jdk.security.auth" type="simple" />
            <root url="jrt://C:/Program Files/Android/Android Studio/jre!/jdk.security.jgss" type="simple" />
            <root url="jrt://C:/Program Files/Android/Android Studio/jre!/jdk.unsupported" type="simple" />
            <root url="jrt://C:/Program Files/Android/Android Studio/jre!/jdk.xml.dom" type="simple" />
            <root url="jrt://C:/Program Files/Android/Android Studio/jre!/jdk.zipfs" type="simple" />
          </root>
        </classPath>
        <javadocPath>
          <root type="composite" />
        </javadocPath>
        <sourcePath>
          <root type="composite" />
        </sourcePath>
      </roots>
      <additional />
    </jdk>
    <jdk version="2">
      <name value="Android Studio default JDK" />
      <type value="JavaSDK" />
      <version value="version 11.0.12" />
      <homePath value="$APPLICATION_HOME_DIR$/jre" />
      <roots>
        <annotationsPath>
          <root type="composite">
            <root url="jar://$APPLICATION_HOME_DIR$/plugins/java/lib/jdkAnnotations.jar!/" type="simple" />
          </root>
        </annotationsPath>
        <classPath>
          <root type="composite">
            <root url="jrt://C:/Program Files/Android/Android Studio/jre!/java.base" type="simple" />
            <root url="jrt://C:/Program Files/Android/Android Studio/jre!/java.compiler" type="simple" />
            <root url="jrt://C:/Program Files/Android/Android Studio/jre!/java.datatransfer" type="simple" />
            <root url="jrt://C:/Program Files/Android/Android Studio/jre!/java.desktop" type="simple" />
            <root url="jrt://C:/Program Files/Android/Android Studio/jre!/java.instrument" type="simple" />
            <root url="jrt://C:/Program Files/Android/Android Studio/jre!/java.logging" type="simple" />
            <root url="jrt://C:/Program Files/Android/Android Studio/jre!/java.management" type="simple" />
            <root url="jrt://C:/Program Files/Android/Android Studio/jre!/java.management.rmi" type="simple" />
            <root url="jrt://C:/Program Files/Android/Android Studio/jre!/java.naming" type="simple" />
            <root url="jrt://C:/Program Files/Android/Android Studio/jre!/java.net.http" type="simple" />
            <root url="jrt://C:/Program Files/Android/Android Studio/jre!/java.prefs" type="simple" />
            <root url="jrt://C:/Program Files/Android/Android Studio/jre!/java.rmi" type="simple" />
            <root url="jrt://C:/Program Files/Android/Android Studio/jre!/java.scripting" type="simple" />
            <root url="jrt://C:/Program Files/Android/Android Studio/jre!/java.se" type="simple" />
            <root url="jrt://C:/Program Files/Android/Android Studio/jre!/java.security.jgss" type="simple" />
            <root url="jrt://C:/Program Files/Android/Android Studio/jre!/java.security.sasl" type="simple" />
            <root url="jrt://C:/Program Files/Android/Android Studio/jre!/java.smartcardio" type="simple" />
            <root url="jrt://C:/Program Files/Android/Android Studio/jre!/java.sql" type="simple" />
            <root url="jrt://C:/Program Files/Android/Android Studio/jre!/java.sql.rowset" type="simple" />
            <root url="jrt://C:/Program Files/Android/Android Studio/jre!/java.transaction.xa" type="simple" />
            <root url="jrt://C:/Program Files/Android/Android Studio/jre!/java.xml" type="simple" />
            <root url="jrt://C:/Program Files/Android/Android Studio/jre!/java.xml.crypto" type="simple" />
            <root url="jrt://C:/Program Files/Android/Android Studio/jre!/jdk.accessibility" type="simple" />
            <root url="jrt://C:/Program Files/Android/Android Studio/jre!/jdk.aot" type="simple" />
            <root url="jrt://C:/Program Files/Android/Android Studio/jre!/jdk.attach" type="simple" />
            <root url="jrt://C:/Program Files/Android/Android Studio/jre!/jdk.charsets" type="simple" />
            <root url="jrt://C:/Program Files/Android/Android Studio/jre!/jdk.compiler" type="simple" />
            <root url="jrt://C:/Program Files/Android/Android Studio/jre!/jdk.crypto.cryptoki" type="simple" />
            <root url="jrt://C:/Program Files/Android/Android Studio/jre!/jdk.crypto.ec" type="simple" />
            <root url="jrt://C:/Program Files/Android/Android Studio/jre!/jdk.dynalink" type="simple" />
            <root url="jrt://C:/Program Files/Android/Android Studio/jre!/jdk.hotspot.agent" type="simple" />
            <root url="jrt://C:/Program Files/Android/Android Studio/jre!/jdk.httpserver" type="simple" />
            <root url="jrt://C:/Program Files/Android/Android Studio/jre!/jdk.internal.ed" type="simple" />
            <root url="jrt://C:/Program Files/Android/Android Studio/jre!/jdk.internal.jvmstat" type="simple" />
            <root url="jrt://C:/Program Files/Android/Android Studio/jre!/jdk.internal.le" type="simple" />
            <root url="jrt://C:/Program Files/Android/Android Studio/jre!/jdk.internal.opt" type="simple" />
            <root url="jrt://C:/Program Files/Android/Android Studio/jre!/jdk.internal.vm.ci" type="simple" />
            <root url="jrt://C:/Program Files/Android/Android Studio/jre!/jdk.internal.vm.compiler" type="simple" />
            <root url="jrt://C:/Program Files/Android/Android Studio/jre!/jdk.internal.vm.compiler.management" type="simple" />
            <root url="jrt://C:/Program Files/Android/Android Studio/jre!/jdk.jartool" type="simple" />
            <root url="jrt://C:/Program Files/Android/Android Studio/jre!/jdk.javadoc" type="simple" />
            <root url="jrt://C:/Program Files/Android/Android Studio/jre!/jdk.jdeps" type="simple" />
            <root url="jrt://C:/Program Files/Android/Android Studio/jre!/jdk.jdi" type="simple" />
            <root url="jrt://C:/Program Files/Android/Android Studio/jre!/jdk.jdwp.agent" type="simple" />
            <root url="jrt://C:/Program Files/Android/Android Studio/jre!/jdk.jfr" type="simple" />
            <root url="jrt://C:/Program Files/Android/Android Studio/jre!/jdk.jlink" type="simple" />
            <root url="jrt://C:/Program Files/Android/Android Studio/jre!/jdk.jsobject" type="simple" />
            <root url="jrt://C:/Program Files/Android/Android Studio/jre!/jdk.localedata" type="simple" />
            <root url="jrt://C:/Program Files/Android/Android Studio/jre!/jdk.management" type="simple" />
            <root url="jrt://C:/Program Files/Android/Android Studio/jre!/jdk.management.agent" type="simple" />
            <root url="jrt://C:/Program Files/Android/Android Studio/jre!/jdk.management.jfr" type="simple" />
            <root url="jrt://C:/Program Files/Android/Android Studio/jre!/jdk.naming.dns" type="simple" />
            <root url="jrt://C:/Program Files/Android/Android Studio/jre!/jdk.naming.rmi" type="simple" />
            <root url="jrt://C:/Program Files/Android/Android Studio/jre!/jdk.net" type="simple" />
            <root url="jrt://C:/Program Files/Android/Android Studio/jre!/jdk.pack" type="simple" />
            <root url="jrt://C:/Program Files/Android/Android Studio/jre!/jdk.scripting.nashorn" type="simple" />
            <root url="jrt://C:/Program Files/Android/Android Studio/jre!/jdk.scripting.nashorn.shell" type="simple" />
            <root url="jrt://C:/Program Files/Android/Android Studio/jre!/jdk.sctp" type="simple" />
            <root url="jrt://C:/Program Files/Android/Android Studio/jre!/jdk.security.auth" type="simple" />
            <root url="jrt://C:/Program Files/Android/Android Studio/jre!/jdk.security.jgss" type="simple" />
            <root url="jrt://C:/Program Files/Android/Android Studio/jre!/jdk.unsupported" type="simple" />
            <root url="jrt://C:/Program Files/Android/Android Studio/jre!/jdk.xml.dom" type="simple" />
            <root url="jrt://C:/Program Files/Android/Android Studio/jre!/jdk.zipfs" type="simple" />
          </root>
        </classPath>
        <javadocPath>
          <root type="composite" />
        </javadocPath>
        <sourcePath>
          <root type="composite" />
        </sourcePath>
      </roots>
      <additional />
    </jdk>
    <jdk version="2">
      <name value="Embedded JDK" />
      <type value="JavaSDK" />
      <version value="version 11.0.12" />
      <homePath value="$APPLICATION_HOME_DIR$/jre" />
      <roots>
        <annotationsPath>
          <root type="composite">
            <root url="jar://$APPLICATION_HOME_DIR$/plugins/java/lib/jdkAnnotations.jar!/" type="simple" />
          </root>
        </annotationsPath>
        <classPath>
          <root type="composite">
            <root url="jrt://C:/Program Files/Android/Android Studio/jre!/java.base" type="simple" />
            <root url="jrt://C:/Program Files/Android/Android Studio/jre!/java.compiler" type="simple" />
            <root url="jrt://C:/Program Files/Android/Android Studio/jre!/java.datatransfer" type="simple" />
            <root url="jrt://C:/Program Files/Android/Android Studio/jre!/java.desktop" type="simple" />
            <root url="jrt://C:/Program Files/Android/Android Studio/jre!/java.instrument" type="simple" />
            <root url="jrt://C:/Program Files/Android/Android Studio/jre!/java.logging" type="simple" />
            <root url="jrt://C:/Program Files/Android/Android Studio/jre!/java.management" type="simple" />
            <root url="jrt://C:/Program Files/Android/Android Studio/jre!/java.management.rmi" type="simple" />
            <root url="jrt://C:/Program Files/Android/Android Studio/jre!/java.naming" type="simple" />
            <root url="jrt://C:/Program Files/Android/Android Studio/jre!/java.net.http" type="simple" />
            <root url="jrt://C:/Program Files/Android/Android Studio/jre!/java.prefs" type="simple" />
            <root url="jrt://C:/Program Files/Android/Android Studio/jre!/java.rmi" type="simple" />
            <root url="jrt://C:/Program Files/Android/Android Studio/jre!/java.scripting" type="simple" />
            <root url="jrt://C:/Program Files/Android/Android Studio/jre!/java.se" type="simple" />
            <root url="jrt://C:/Program Files/Android/Android Studio/jre!/java.security.jgss" type="simple" />
            <root url="jrt://C:/Program Files/Android/Android Studio/jre!/java.security.sasl" type="simple" />
            <root url="jrt://C:/Program Files/Android/Android Studio/jre!/java.smartcardio" type="simple" />
            <root url="jrt://C:/Program Files/Android/Android Studio/jre!/java.sql" type="simple" />
            <root url="jrt://C:/Program Files/Android/Android Studio/jre!/java.sql.rowset" type="simple" />
            <root url="jrt://C:/Program Files/Android/Android Studio/jre!/java.transaction.xa" type="simple" />
            <root url="jrt://C:/Program Files/Android/Android Studio/jre!/java.xml" type="simple" />
            <root url="jrt://C:/Program Files/Android/Android Studio/jre!/java.xml.crypto" type="simple" />
            <root url="jrt://C:/Program Files/Android/Android Studio/jre!/jdk.accessibility" type="simple" />
            <root url="jrt://C:/Program Files/Android/Android Studio/jre!/jdk.aot" type="simple" />
            <root url="jrt://C:/Program Files/Android/Android Studio/jre!/jdk.attach" type="simple" />
            <root url="jrt://C:/Program Files/Android/Android Studio/jre!/jdk.charsets" type="simple" />
            <root url="jrt://C:/Program Files/Android/Android Studio/jre!/jdk.compiler" type="simple" />
            <root url="jrt://C:/Program Files/Android/Android Studio/jre!/jdk.crypto.cryptoki" type="simple" />
            <root url="jrt://C:/Program Files/Android/Android Studio/jre!/jdk.crypto.ec" type="simple" />
            <root url="jrt://C:/Program Files/Android/Android Studio/jre!/jdk.dynalink" type="simple" />
            <root url="jrt://C:/Program Files/Android/Android Studio/jre!/jdk.hotspot.agent" type="simple" />
            <root url="jrt://C:/Program Files/Android/Android Studio/jre!/jdk.httpserver" type="simple" />
            <root url="jrt://C:/Program Files/Android/Android Studio/jre!/jdk.internal.ed" type="simple" />
            <root url="jrt://C:/Program Files/Android/Android Studio/jre!/jdk.internal.jvmstat" type="simple" />
            <root url="jrt://C:/Program Files/Android/Android Studio/jre!/jdk.internal.le" type="simple" />
            <root url="jrt://C:/Program Files/Android/Android Studio/jre!/jdk.internal.opt" type="simple" />
            <root url="jrt://C:/Program Files/Android/Android Studio/jre!/jdk.internal.vm.ci" type="simple" />
            <root url="jrt://C:/Program Files/Android/Android Studio/jre!/jdk.internal.vm.compiler" type="simple" />
            <root url="jrt://C:/Program Files/Android/Android Studio/jre!/jdk.internal.vm.compiler.management" type="simple" />
            <root url="jrt://C:/Program Files/Android/Android Studio/jre!/jdk.jartool" type="simple" />
            <root url="jrt://C:/Program Files/Android/Android Studio/jre!/jdk.javadoc" type="simple" />
            <root url="jrt://C:/Program Files/Android/Android Studio/jre!/jdk.jdeps" type="simple" />
            <root url="jrt://C:/Program Files/Android/Android Studio/jre!/jdk.jdi" type="simple" />
            <root url="jrt://C:/Program Files/Android/Android Studio/jre!/jdk.jdwp.agent" type="simple" />
            <root url="jrt://C:/Program Files/Android/Android Studio/jre!/jdk.jfr" type="simple" />
            <root url="jrt://C:/Program Files/Android/Android Studio/jre!/jdk.jlink" type="simple" />
            <root url="jrt://C:/Program Files/Android/Android Studio/jre!/jdk.jsobject" type="simple" />
            <root url="jrt://C:/Program Files/Android/Android Studio/jre!/jdk.localedata" type="simple" />
            <root url="jrt://C:/Program Files/Android/Android Studio/jre!/jdk.management" type="simple" />
            <root url="jrt://C:/Program Files/Android/Android Studio/jre!/jdk.management.agent" type="simple" />
            <root url="jrt://C:/Program Files/Android/Android Studio/jre!/jdk.management.jfr" type="simple" />
            <root url="jrt://C:/Program Files/Android/Android Studio/jre!/jdk.naming.dns" type="simple" />
            <root url="jrt://C:/Program Files/Android/Android Studio/jre!/jdk.naming.rmi" type="simple" />
            <root url="jrt://C:/Program Files/Android/Android Studio/jre!/jdk.net" type="simple" />
            <root url="jrt://C:/Program Files/Android/Android Studio/jre!/jdk.pack" type="simple" />
            <root url="jrt://C:/Program Files/Android/Android Studio/jre!/jdk.scripting.nashorn" type="simple" />
            <root url="jrt://C:/Program Files/Android/Android Studio/jre!/jdk.scripting.nashorn.shell" type="simple" />
            <root url="jrt://C:/Program Files/Android/Android Studio/jre!/jdk.sctp" type="simple" />
            <root url="jrt://C:/Program Files/Android/Android Studio/jre!/jdk.security.auth" type="simple" />
            <root url="jrt://C:/Program Files/Android/Android Studio/jre!/jdk.security.jgss" type="simple" />
            <root url="jrt://C:/Program Files/Android/Android Studio/jre!/jdk.unsupported" type="simple" />
            <root url="jrt://C:/Program Files/Android/Android Studio/jre!/jdk.xml.dom" type="simple" />
            <root url="jrt://C:/Program Files/Android/Android Studio/jre!/jdk.zipfs" type="simple" />
          </root>
        </classPath>
        <javadocPath>
          <root type="composite" />
        </javadocPath>
        <sourcePath>
          <root type="composite" />
        </sourcePath>
      </roots>
      <additional />
    </jdk>
    <jdk version="2">
      <name value="Android Studio java home" />
      <type value="JavaSDK" />
      <version value="version 11.0.2" />
      <homePath value="C:/Program Files/Java/jdk-11.0.2" />
      <roots>
        <annotationsPath>
          <root type="composite">
            <root url="jar://$APPLICATION_HOME_DIR$/plugins/java/lib/jdkAnnotations.jar!/" type="simple" />
          </root>
        </annotationsPath>
        <classPath>
          <root type="composite">
            <root url="jrt://C:/Program Files/Java/jdk-11.0.2!/java.base" type="simple" />
            <root url="jrt://C:/Program Files/Java/jdk-11.0.2!/java.compiler" type="simple" />
            <root url="jrt://C:/Program Files/Java/jdk-11.0.2!/java.datatransfer" type="simple" />
            <root url="jrt://C:/Program Files/Java/jdk-11.0.2!/java.desktop" type="simple" />
            <root url="jrt://C:/Program Files/Java/jdk-11.0.2!/java.instrument" type="simple" />
            <root url="jrt://C:/Program Files/Java/jdk-11.0.2!/java.logging" type="simple" />
            <root url="jrt://C:/Program Files/Java/jdk-11.0.2!/java.management" type="simple" />
            <root url="jrt://C:/Program Files/Java/jdk-11.0.2!/java.management.rmi" type="simple" />
            <root url="jrt://C:/Program Files/Java/jdk-11.0.2!/java.naming" type="simple" />
            <root url="jrt://C:/Program Files/Java/jdk-11.0.2!/java.net.http" type="simple" />
            <root url="jrt://C:/Program Files/Java/jdk-11.0.2!/java.prefs" type="simple" />
            <root url="jrt://C:/Program Files/Java/jdk-11.0.2!/java.rmi" type="simple" />
            <root url="jrt://C:/Program Files/Java/jdk-11.0.2!/java.scripting" type="simple" />
            <root url="jrt://C:/Program Files/Java/jdk-11.0.2!/java.se" type="simple" />
            <root url="jrt://C:/Program Files/Java/jdk-11.0.2!/java.security.jgss" type="simple" />
            <root url="jrt://C:/Program Files/Java/jdk-11.0.2!/java.security.sasl" type="simple" />
            <root url="jrt://C:/Program Files/Java/jdk-11.0.2!/java.smartcardio" type="simple" />
            <root url="jrt://C:/Program Files/Java/jdk-11.0.2!/java.sql" type="simple" />
            <root url="jrt://C:/Program Files/Java/jdk-11.0.2!/java.sql.rowset" type="simple" />
            <root url="jrt://C:/Program Files/Java/jdk-11.0.2!/java.transaction.xa" type="simple" />
            <root url="jrt://C:/Program Files/Java/jdk-11.0.2!/java.xml" type="simple" />
            <root url="jrt://C:/Program Files/Java/jdk-11.0.2!/java.xml.crypto" type="simple" />
            <root url="jrt://C:/Program Files/Java/jdk-11.0.2!/jdk.accessibility" type="simple" />
            <root url="jrt://C:/Program Files/Java/jdk-11.0.2!/jdk.aot" type="simple" />
            <root url="jrt://C:/Program Files/Java/jdk-11.0.2!/jdk.attach" type="simple" />
            <root url="jrt://C:/Program Files/Java/jdk-11.0.2!/jdk.charsets" type="simple" />
            <root url="jrt://C:/Program Files/Java/jdk-11.0.2!/jdk.compiler" type="simple" />
            <root url="jrt://C:/Program Files/Java/jdk-11.0.2!/jdk.crypto.cryptoki" type="simple" />
            <root url="jrt://C:/Program Files/Java/jdk-11.0.2!/jdk.crypto.ec" type="simple" />
            <root url="jrt://C:/Program Files/Java/jdk-11.0.2!/jdk.crypto.mscapi" type="simple" />
            <root url="jrt://C:/Program Files/Java/jdk-11.0.2!/jdk.dynalink" type="simple" />
            <root url="jrt://C:/Program Files/Java/jdk-11.0.2!/jdk.editpad" type="simple" />
            <root url="jrt://C:/Program Files/Java/jdk-11.0.2!/jdk.hotspot.agent" type="simple" />
            <root url="jrt://C:/Program Files/Java/jdk-11.0.2!/jdk.httpserver" type="simple" />
            <root url="jrt://C:/Program Files/Java/jdk-11.0.2!/jdk.internal.ed" type="simple" />
            <root url="jrt://C:/Program Files/Java/jdk-11.0.2!/jdk.internal.jvmstat" type="simple" />
            <root url="jrt://C:/Program Files/Java/jdk-11.0.2!/jdk.internal.le" type="simple" />
            <root url="jrt://C:/Program Files/Java/jdk-11.0.2!/jdk.internal.opt" type="simple" />
            <root url="jrt://C:/Program Files/Java/jdk-11.0.2!/jdk.internal.vm.ci" type="simple" />
            <root url="jrt://C:/Program Files/Java/jdk-11.0.2!/jdk.internal.vm.compiler" type="simple" />
            <root url="jrt://C:/Program Files/Java/jdk-11.0.2!/jdk.internal.vm.compiler.management" type="simple" />
            <root url="jrt://C:/Program Files/Java/jdk-11.0.2!/jdk.jartool" type="simple" />
            <root url="jrt://C:/Program Files/Java/jdk-11.0.2!/jdk.javadoc" type="simple" />
            <root url="jrt://C:/Program Files/Java/jdk-11.0.2!/jdk.jcmd" type="simple" />
            <root url="jrt://C:/Program Files/Java/jdk-11.0.2!/jdk.jconsole" type="simple" />
            <root url="jrt://C:/Program Files/Java/jdk-11.0.2!/jdk.jdeps" type="simple" />
            <root url="jrt://C:/Program Files/Java/jdk-11.0.2!/jdk.jdi" type="simple" />
            <root url="jrt://C:/Program Files/Java/jdk-11.0.2!/jdk.jdwp.agent" type="simple" />
            <root url="jrt://C:/Program Files/Java/jdk-11.0.2!/jdk.jfr" type="simple" />
            <root url="jrt://C:/Program Files/Java/jdk-11.0.2!/jdk.jlink" type="simple" />
            <root url="jrt://C:/Program Files/Java/jdk-11.0.2!/jdk.jshell" type="simple" />
            <root url="jrt://C:/Program Files/Java/jdk-11.0.2!/jdk.jsobject" type="simple" />
            <root url="jrt://C:/Program Files/Java/jdk-11.0.2!/jdk.jstatd" type="simple" />
            <root url="jrt://C:/Program Files/Java/jdk-11.0.2!/jdk.localedata" type="simple" />
            <root url="jrt://C:/Program Files/Java/jdk-11.0.2!/jdk.management" type="simple" />
            <root url="jrt://C:/Program Files/Java/jdk-11.0.2!/jdk.management.agent" type="simple" />
            <root url="jrt://C:/Program Files/Java/jdk-11.0.2!/jdk.management.jfr" type="simple" />
            <root url="jrt://C:/Program Files/Java/jdk-11.0.2!/jdk.naming.dns" type="simple" />
            <root url="jrt://C:/Program Files/Java/jdk-11.0.2!/jdk.naming.rmi" type="simple" />
            <root url="jrt://C:/Program Files/Java/jdk-11.0.2!/jdk.net" type="simple" />
            <root url="jrt://C:/Program Files/Java/jdk-11.0.2!/jdk.pack" type="simple" />
            <root url="jrt://C:/Program Files/Java/jdk-11.0.2!/jdk.rmic" type="simple" />
            <root url="jrt://C:/Program Files/Java/jdk-11.0.2!/jdk.scripting.nashorn" type="simple" />
            <root url="jrt://C:/Program Files/Java/jdk-11.0.2!/jdk.scripting.nashorn.shell" type="simple" />
            <root url="jrt://C:/Program Files/Java/jdk-11.0.2!/jdk.sctp" type="simple" />
            <root url="jrt://C:/Program Files/Java/jdk-11.0.2!/jdk.security.auth" type="simple" />
            <root url="jrt://C:/Program Files/Java/jdk-11.0.2!/jdk.security.jgss" type="simple" />
            <root url="jrt://C:/Program Files/Java/jdk-11.0.2!/jdk.unsupported" type="simple" />
            <root url="jrt://C:/Program Files/Java/jdk-11.0.2!/jdk.unsupported.desktop" type="simple" />
            <root url="jrt://C:/Program Files/Java/jdk-11.0.2!/jdk.xml.dom" type="simple" />
            <root url="jrt://C:/Program Files/Java/jdk-11.0.2!/jdk.zipfs" type="simple" />
          </root>
        </classPath>
        <javadocPath>
          <root type="composite" />
        </javadocPath>
        <sourcePath>
          <root type="composite" />
        </sourcePath>
      </roots>
      <additional />
    </jdk>
    <jdk version="2">
      <name value="Android API 31 Platform" />
      <type value="Android SDK" />
      <version value="version 11.0.11" />
      <homePath value="$USER_HOME$/AppData/Local/Android/Sdk" />
      <roots>
        <annotationsPath>
          <root type="composite">
            <root url="jar://$USER_HOME$/AppData/Local/Android/Sdk/platforms/android-31/data/annotations.zip!/" type="simple" />
          </root>
        </annotationsPath>
        <classPath>
          <root type="composite">
            <root url="jar://$USER_HOME$/AppData/Local/Android/Sdk/platforms/android-31/android.jar!/" type="simple" />
            <root url="file://$USER_HOME$/AppData/Local/Android/Sdk/platforms/android-31/data/res" type="simple" />
          </root>
        </classPath>
        <javadocPath>
          <root type="composite" />
        </javadocPath>
        <sourcePath>
          <root type="composite">
            <root url="file://$USER_HOME$/AppData/Local/Android/Sdk/sources/android-31" type="simple" />
          </root>
        </sourcePath>
      </roots>
      <additional jdk="Android Studio default JDK" sdk="android-31" />
    </jdk>
    <jdk version="2">
      <name value="Android API 32 Platform" />
      <type value="Android SDK" />
      <version value="version 11.0.11" />
      <homePath value="$USER_HOME$/AppData/Local/Android/Sdk" />
      <roots>
        <annotationsPath>
          <root type="composite">
            <root url="jar://$USER_HOME$/AppData/Local/Android/Sdk/platforms/android-32/data/annotations.zip!/" type="simple" />
          </root>
        </annotationsPath>
        <classPath>
          <root type="composite">
            <root url="jar://$USER_HOME$/AppData/Local/Android/Sdk/platforms/android-32/android.jar!/" type="simple" />
            <root url="file://$USER_HOME$/AppData/Local/Android/Sdk/platforms/android-32/data/res" type="simple" />
          </root>
        </classPath>
        <javadocPath>
          <root type="composite">
            <root url="http://developer.android.com/reference/" type="simple" />
          </root>
        </javadocPath>
        <sourcePath>
          <root type="composite" />
        </sourcePath>
      </roots>
      <additional jdk="Android Studio default JDK" sdk="android-32" />
    </jdk>
    <jdk version="2">
      <name value="11" />
      <type value="JavaSDK" />
      <version value="version 11.0.12" />
      <homePath value="$APPLICATION_HOME_DIR$/jre" />
      <roots>
        <annotationsPath>
          <root type="composite">
            <root url="jar://$APPLICATION_HOME_DIR$/plugins/java/lib/jdkAnnotations.jar!/" type="simple" />
          </root>
        </annotationsPath>
        <classPath>
          <root type="composite">
            <root url="jrt://C:/Program Files/Android/Android Studio/jre!/java.base" type="simple" />
            <root url="jrt://C:/Program Files/Android/Android Studio/jre!/java.compiler" type="simple" />
            <root url="jrt://C:/Program Files/Android/Android Studio/jre!/java.datatransfer" type="simple" />
            <root url="jrt://C:/Program Files/Android/Android Studio/jre!/java.desktop" type="simple" />
            <root url="jrt://C:/Program Files/Android/Android Studio/jre!/java.instrument" type="simple" />
            <root url="jrt://C:/Program Files/Android/Android Studio/jre!/java.logging" type="simple" />
            <root url="jrt://C:/Program Files/Android/Android Studio/jre!/java.management" type="simple" />
            <root url="jrt://C:/Program Files/Android/Android Studio/jre!/java.management.rmi" type="simple" />
            <root url="jrt://C:/Program Files/Android/Android Studio/jre!/java.naming" type="simple" />
            <root url="jrt://C:/Program Files/Android/Android Studio/jre!/java.net.http" type="simple" />
            <root url="jrt://C:/Program Files/Android/Android Studio/jre!/java.prefs" type="simple" />
            <root url="jrt://C:/Program Files/Android/Android Studio/jre!/java.rmi" type="simple" />
            <root url="jrt://C:/Program Files/Android/Android Studio/jre!/java.scripting" type="simple" />
            <root url="jrt://C:/Program Files/Android/Android Studio/jre!/java.se" type="simple" />
            <root url="jrt://C:/Program Files/Android/Android Studio/jre!/java.security.jgss" type="simple" />
            <root url="jrt://C:/Program Files/Android/Android Studio/jre!/java.security.sasl" type="simple" />
            <root url="jrt://C:/Program Files/Android/Android Studio/jre!/java.smartcardio" type="simple" />
            <root url="jrt://C:/Program Files/Android/Android Studio/jre!/java.sql" type="simple" />
            <root url="jrt://C:/Program Files/Android/Android Studio/jre!/java.sql.rowset" type="simple" />
            <root url="jrt://C:/Program Files/Android/Android Studio/jre!/java.transaction.xa" type="simple" />
            <root url="jrt://C:/Program Files/Android/Android Studio/jre!/java.xml" type="simple" />
            <root url="jrt://C:/Program Files/Android/Android Studio/jre!/java.xml.crypto" type="simple" />
            <root url="jrt://C:/Program Files/Android/Android Studio/jre!/jdk.accessibility" type="simple" />
            <root url="jrt://C:/Program Files/Android/Android Studio/jre!/jdk.aot" type="simple" />
            <root url="jrt://C:/Program Files/Android/Android Studio/jre!/jdk.attach" type="simple" />
            <root url="jrt://C:/Program Files/Android/Android Studio/jre!/jdk.charsets" type="simple" />
            <root url="jrt://C:/Program Files/Android/Android Studio/jre!/jdk.compiler" type="simple" />
            <root url="jrt://C:/Program Files/Android/Android Studio/jre!/jdk.crypto.cryptoki" type="simple" />
            <root url="jrt://C:/Program Files/Android/Android Studio/jre!/jdk.crypto.ec" type="simple" />
            <root url="jrt://C:/Program Files/Android/Android Studio/jre!/jdk.dynalink" type="simple" />
            <root url="jrt://C:/Program Files/Android/Android Studio/jre!/jdk.hotspot.agent" type="simple" />
            <root url="jrt://C:/Program Files/Android/Android Studio/jre!/jdk.httpserver" type="simple" />
            <root url="jrt://C:/Program Files/Android/Android Studio/jre!/jdk.internal.ed" type="simple" />
            <root url="jrt://C:/Program Files/Android/Android Studio/jre!/jdk.internal.jvmstat" type="simple" />
            <root url="jrt://C:/Program Files/Android/Android Studio/jre!/jdk.internal.le" type="simple" />
            <root url="jrt://C:/Program Files/Android/Android Studio/jre!/jdk.internal.opt" type="simple" />
            <root url="jrt://C:/Program Files/Android/Android Studio/jre!/jdk.internal.vm.ci" type="simple" />
            <root url="jrt://C:/Program Files/Android/Android Studio/jre!/jdk.internal.vm.compiler" type="simple" />
            <root url="jrt://C:/Program Files/Android/Android Studio/jre!/jdk.internal.vm.compiler.management" type="simple" />
            <root url="jrt://C:/Program Files/Android/Android Studio/jre!/jdk.jartool" type="simple" />
            <root url="jrt://C:/Program Files/Android/Android Studio/jre!/jdk.javadoc" type="simple" />
            <root url="jrt://C:/Program Files/Android/Android Studio/jre!/jdk.jdeps" type="simple" />
            <root url="jrt://C:/Program Files/Android/Android Studio/jre!/jdk.jdi" type="simple" />
            <root url="jrt://C:/Program Files/Android/Android Studio/jre!/jdk.jdwp.agent" type="simple" />
            <root url="jrt://C:/Program Files/Android/Android Studio/jre!/jdk.jfr" type="simple" />
            <root url="jrt://C:/Program Files/Android/Android Studio/jre!/jdk.jlink" type="simple" />
            <root url="jrt://C:/Program Files/Android/Android Studio/jre!/jdk.jsobject" type="simple" />
            <root url="jrt://C:/Program Files/Android/Android Studio/jre!/jdk.localedata" type="simple" />
            <root url="jrt://C:/Program Files/Android/Android Studio/jre!/jdk.management" type="simple" />
            <root url="jrt://C:/Program Files/Android/Android Studio/jre!/jdk.management.agent" type="simple" />
            <root url="jrt://C:/Program Files/Android/Android Studio/jre!/jdk.management.jfr" type="simple" />
            <root url="jrt://C:/Program Files/Android/Android Studio/jre!/jdk.naming.dns" type="simple" />
            <root url="jrt://C:/Program Files/Android/Android Studio/jre!/jdk.naming.rmi" type="simple" />
            <root url="jrt://C:/Program Files/Android/Android Studio/jre!/jdk.net" type="simple" />
            <root url="jrt://C:/Program Files/Android/Android Studio/jre!/jdk.pack" type="simple" />
            <root url="jrt://C:/Program Files/Android/Android Studio/jre!/jdk.scripting.nashorn" type="simple" />
            <root url="jrt://C:/Program Files/Android/Android Studio/jre!/jdk.scripting.nashorn.shell" type="simple" />
            <root url="jrt://C:/Program Files/Android/Android Studio/jre!/jdk.sctp" type="simple" />
            <root url="jrt://C:/Program Files/Android/Android Studio/jre!/jdk.security.auth" type="simple" />
            <root url="jrt://C:/Program Files/Android/Android Studio/jre!/jdk.security.jgss" type="simple" />
            <root url="jrt://C:/Program Files/Android/Android Studio/jre!/jdk.unsupported" type="simple" />
            <root url="jrt://C:/Program Files/Android/Android Studio/jre!/jdk.xml.dom" type="simple" />
            <root url="jrt://C:/Program Files/Android/Android Studio/jre!/jdk.zipfs" type="simple" />
          </root>
        </classPath>
        <javadocPath>
          <root type="composite" />
        </javadocPath>
        <sourcePath>
          <root type="composite" />
        </sourcePath>
      </roots>
      <additional />
    </jdk>
    <jdk version="2">
      <name value="Android API 27 Platform" />
      <type value="Android SDK" />
      <version value="version 11.0.11" />
      <homePath value="$USER_HOME$/AppData/Local/Android/Sdk" />
      <roots>
        <annotationsPath>
          <root type="composite">
            <root url="jar://$APPLICATION_HOME_DIR$/plugins/android/resources/androidAnnotations.jar!/" type="simple" />
          </root>
        </annotationsPath>
        <classPath>
          <root type="composite">
            <root url="jar://$USER_HOME$/AppData/Local/Android/Sdk/platforms/android-27/android.jar!/" type="simple" />
            <root url="file://$USER_HOME$/AppData/Local/Android/Sdk/platforms/android-27/data/res" type="simple" />
          </root>
        </classPath>
        <javadocPath>
          <root type="composite">
            <root url="http://developer.android.com/reference/" type="simple" />
          </root>
        </javadocPath>
        <sourcePath>
          <root type="composite" />
        </sourcePath>
      </roots>
      <additional jdk="Android Studio default JDK" sdk="android-27" />
    </jdk>
    <jdk version="2">
      <name value="Android API 30 Platform" />
      <type value="Android SDK" />
      <version value="version 11.0.11" />
      <homePath value="$USER_HOME$/AppData/Local/Android/Sdk" />
      <roots>
        <annotationsPath>
          <root type="composite">
            <root url="jar://$USER_HOME$/AppData/Local/Android/Sdk/platforms/android-30/data/annotations.zip!/" type="simple" />
          </root>
        </annotationsPath>
        <classPath>
          <root type="composite">
            <root url="jar://$USER_HOME$/AppData/Local/Android/Sdk/platforms/android-30/android.jar!/" type="simple" />
            <root url="file://$USER_HOME$/AppData/Local/Android/Sdk/platforms/android-30/data/res" type="simple" />
          </root>
        </classPath>
        <javadocPath>
          <root type="composite" />
        </javadocPath>
        <sourcePath>
          <root type="composite">
            <root url="file://$USER_HOME$/AppData/Local/Android/Sdk/sources/android-30" type="simple" />
          </root>
        </sourcePath>
      </roots>
      <additional jdk="Android Studio default JDK" sdk="android-30" />
    </jdk>
    <jdk version="2">
      <name value="Android API 28 Platform" />
      <type value="Android SDK" />
      <version value="version 11.0.11" />
      <homePath value="$USER_HOME$/AppData/Local/Android/Sdk" />
      <roots>
        <annotationsPath>
          <root type="composite">
            <root url="jar://$USER_HOME$/AppData/Local/Android/Sdk/platforms/android-28/data/annotations.zip!/" type="simple" />
          </root>
        </annotationsPath>
        <classPath>
          <root type="composite">
            <root url="jar://$USER_HOME$/AppData/Local/Android/Sdk/platforms/android-28/android.jar!/" type="simple" />
            <root url="file://$USER_HOME$/AppData/Local/Android/Sdk/platforms/android-28/data/res" type="simple" />
          </root>
        </classPath>
        <javadocPath>
          <root type="composite" />
        </javadocPath>
        <sourcePath>
          <root type="composite">
            <root url="file://$USER_HOME$/AppData/Local/Android/Sdk/sources/android-28" type="simple" />
          </root>
        </sourcePath>
      </roots>
      <additional jdk="Android Studio default JDK" sdk="android-28" />
    </jdk>
  </component>
</application>