<application>
  <component name="ParameterNameHintsSettings">
    <blacklists>
      <blacklist language="Java" />
      <blacklist language="Groovy" />
      <blacklist language="Kotlin" />
    </blacklists>
    <option id="SHOW_PARAMETER_HINT" value="false" />
    <option id="SHOW_PROPERTY_HINT" value="true" />
    <option id="SHOW_LOCAL_VARIABLE_HINT" value="true" />
    <option id="SHOW_FUNCTION_HINT" value="true" />
    <option id="java.enums" value="false" />
    <option id="java.new.expr" value="false" />
  </component>
</application>