<application>
  <component name="VimEditorSettings">
    <editor />
  </component>
  <component name="VimHistorySettings">
    <history>
      <history-search />
      <history-cmd>
        <entry>set keep-english-in-normal-and-restore-in-insert</entry>
      </history-cmd>
      <history-expr />
      <history-input />
    </history>
  </component>
  <component name="VimKeySettings">
    <shortcut-conflicts>
      <shortcut-conflict owner="ide">
        <text>ctrl pressed Q</text>
      </shortcut-conflict>
      <shortcut-conflict owner="ide">
        <text>ctrl pressed V</text>
      </shortcut-conflict>
      <shortcut-conflict owner="ide">
        <text>ctrl pressed K</text>
      </shortcut-conflict>
      <shortcut-conflict owner="ide">
        <text>ctrl pressed A</text>
      </shortcut-conflict>
      <shortcut-conflict owner="ide">
        <text>ctrl pressed X</text>
      </shortcut-conflict>
      <shortcut-conflict owner="vim">
        <text>ctrl pressed N</text>
      </shortcut-conflict>
      <shortcut-conflict owner="ide">
        <text>ctrl pressed C</text>
      </shortcut-conflict>
      <shortcut-conflict owner="vim">
        <text>ctrl pressed D</text>
      </shortcut-conflict>
      <shortcut-conflict owner="ide">
        <text>ctrl pressed F</text>
      </shortcut-conflict>
      <shortcut-conflict owner="ide">
        <text>ctrl pressed H</text>
      </shortcut-conflict>
      <shortcut-conflict owner="ide">
        <text>ctrl pressed E</text>
      </shortcut-conflict>
      <shortcut-conflict owner="vim">
        <text>ctrl pressed S</text>
      </shortcut-conflict>
      <shortcut-conflict owner="vim">
        <text>ctrl pressed B</text>
      </shortcut-conflict>
      <shortcut-conflict owner="vim">
        <text>ctrl pressed O</text>
      </shortcut-conflict>
    </shortcut-conflicts>
  </component>
  <component name="VimMarksSettings">
    <globalmarks />
    <filemarks>
      <file name="D:/Code/Work/hmyDriverAndroid/config.gradle" timestamp="1589510338205">
        <mark key="[" line="8" column="36" />
        <mark key="]" line="8" column="37" />
        <mark key="." line="8" column="37" />
      </file>
      <file name="$USER_HOME$/.gradle/caches/modules-2/files-2.1/com.ayvytr/base-coroutine-activity-androidx/0.3.2/6b0d1f35fb55d7537d913ebc24f2abd33130ccf4/base-coroutine-activity-androidx-0.3.2-sources.jar!/com/ayvytr/coroutine/BaseCoroutineFragment.kt" timestamp="1589510373219" />
      <file name="/a.dummy" timestamp="1589509610563">
        <mark key="[" line="0" column="1" />
      </file>
      <file name="D:/Code/CodeRepository/WanAndroid/app/src/main/java/com/ayvytr/wanandroid/ui/article/ArticleFragment.kt" timestamp="1589509394970">
        <mark key="[" line="8" column="43" />
        <mark key="]" line="8" column="57" />
        <mark key="^" line="8" column="57" />
        <mark key="." line="8" column="56" />
      </file>
      <file name="D:/Code/CodeRepository/WanAndroid/app/src/main/java/com/ayvytr/wanandroid/ui/project/ProjectViewModel.kt" timestamp="1589507542031">
        <mark key="[" line="10" column="0" />
        <mark key="]" line="10" column="62" />
        <mark key="." line="12" column="56" />
        <mark key="^" line="12" column="57" />
      </file>
      <file name="D:/Code/CodeRepository/WanAndroid/app/src/main/java/com/ayvytr/wanandroid/ui/main/MainActivity.kt" timestamp="1589511905165">
        <mark key="[" line="14" column="18" />
        <mark key="]" line="14" column="18" />
        <mark key="." line="14" column="18" />
      </file>
      <file name="D:/Code/CodeRepository/WanAndroid/app/src/main/java/com/ayvytr/wanandroid/ui/Repository.kt" timestamp="1589507717781">
        <mark key="[" line="14" column="0" />
        <mark key="]" line="14" column="61" />
        <mark key="." line="22" column="14" />
        <mark key="^" line="22" column="15" />
      </file>
      <file name="D:/Code/CodeRepository/WanAndroid/app/src/main/java/com/ayvytr/wanandroid/ui/project/ProjectFragment.kt" timestamp="1589509646438">
        <mark key="[" line="18" column="15" />
        <mark key="]" line="18" column="15" />
        <mark key="^" line="11" column="44" />
        <mark key="." line="18" column="15" />
      </file>
      <file name="D:/Code/CodeRepository/WanAndroid/app/src/main/java/com/ayvytr/wanandroid/ui/base/BaseArticleFragment.kt" timestamp="1589509748551">
        <mark key="[" line="41" column="0" />
        <mark key="]" line="41" column="0" />
        <mark key="." line="41" column="0" />
        <mark key="^" line="41" column="26" />
      </file>
      <file name="D:/Code/CodeRepository/WanAndroid/app/src/main/java/com/ayvytr/wanandroid/ui/article/ArticleViewModel.kt" timestamp="1589507563563">
        <mark key="'" line="44" column="18" />
        <mark key="[" line="44" column="12" />
        <mark key="]" line="44" column="27" />
        <mark key="." line="44" column="26" />
        <mark key="^" line="44" column="27" />
      </file>
      <file name="D:/Code/CodeRepository/WanAndroid/app/src/main/java/com/ayvytr/wanandroid/ui/HomeFragment.kt" timestamp="1589510850964">
        <mark key="[" line="17" column="25" />
        <mark key="]" line="17" column="25" />
        <mark key="^" line="36" column="23" />
        <mark key="." line="17" column="25" />
      </file>
      <file name="/Dummy.txt" timestamp="1589511010328">
        <mark key="[" line="0" column="0" />
        <mark key="]" line="0" column="0" />
        <mark key="." line="0" column="0" />
      </file>
      <file name="D:/Code/CodeRepository/WanAndroid/app/src/main/java/com/ayvytr/wanandroid/ui/base/BaseListFragment.kt" timestamp="1589509183588">
        <mark key="[" line="51" column="0" />
        <mark key="]" line="51" column="0" />
        <mark key="^" line="50" column="65" />
        <mark key="." line="51" column="0" />
      </file>
      <file name="D:/Code/CodeRepository/WanAndroid/app/src/main/java/com/ayvytr/wanandroid/ui/publicno/PubliCNoViewModel.kt" timestamp="1589511872347">
        <mark key="[" line="4" column="37" />
        <mark key="]" line="4" column="39" />
        <mark key="^" line="4" column="39" />
        <mark key="." line="4" column="38" />
      </file>
      <file name="D:/Code/CodeRepository/WanAndroid/app/src/main/java/com/ayvytr/wanandroid/ui/base/BaseArticleViewModel.kt" timestamp="1589509542920">
        <mark key="[" line="62" column="12" />
        <mark key="]" line="62" column="27" />
        <mark key="." line="62" column="26" />
        <mark key="^" line="62" column="27" />
      </file>
      <file name="D:/Code/CodeRepository/WanAndroid/app/src/main/java/com/ayvytr/wanandroid/ui/square/SquareFragment.kt" timestamp="1589509667101">
        <mark key="[" line="16" column="15" />
        <mark key="]" line="16" column="40" />
        <mark key="^" line="16" column="40" />
        <mark key="." line="16" column="39" />
      </file>
      <file name="/fragment.java" timestamp="1589511864408">
        <mark key="[" line="0" column="0" />
        <mark key="]" line="0" column="22" />
        <mark key="." line="0" column="22" />
      </file>
      <file name="D:/Code/CodeRepository/WanAndroid/app/src/main/java/com/ayvytr/wanandroid/ui/publicno/PublicNoFragment.kt" timestamp="1589511858744">
        <mark key="[" line="7" column="64" />
        <mark key="]" line="8" column="4" />
        <mark key="^" line="8" column="4" />
        <mark key="." line="8" column="3" />
      </file>
    </filemarks>
    <jumps>
      <jump line="195" column="0" filename="D:/Code/CodeRepository/OKHttpLogInterceptor/okhttploginterceptor/src/main/java/com/ayvytr/okhttploginterceptor/LoggingInterceptor.kt" />
      <jump line="49" column="0" filename="D:/Code/CodeRepository/OKHttpLogInterceptor/okhttploginterceptor/src/main/java/com/ayvytr/okhttploginterceptor/Ext.kt" />
      <jump line="185" column="0" filename="D:/Code/CodeRepository/OKHttpLogInterceptor/okhttploginterceptor/src/main/java/com/ayvytr/okhttploginterceptor/Ext.kt" />
      <jump line="9" column="25" filename="D:/Code/CodeRepository/OKHttpLogInterceptor/okhttploginterceptor/src/main/java/com/ayvytr/okhttploginterceptor/Ext.kt" />
      <jump line="54" column="14" filename="D:/Code/CodeRepository/AndroidCoroutine/network/src/main/java/com/ayvytr/network/ApiClient.kt" />
      <jump line="150" column="8" filename="D:/Code/CodeRepository/OKHttpLogInterceptor/network/src/main/java/com/ayvytr/network/ApiClient.kt" />
      <jump line="58" column="6" filename="D:/Code/CodeRepository/WanAndroid/app/src/main/java/com/ayvytr/wanandroid/api/Api.kt" />
      <jump line="163" column="0" filename="D:/Code/CodeRepository/WanAndroid/app/src/main/java/com/ayvytr/wanandroid/api/Api.kt" />
      <jump line="62" column="13" filename="D:/Code/Work/hmyDriverAndroid/module_me/src/main/java/com/hmy/module/me/mvp/ui/activity/UserAuthenticationActivity.java" />
      <jump line="567" column="53" filename="D:/Code/Work/hmyDriverAndroid/module_me/src/main/java/com/hmy/module/me/mvp/ui/activity/UserAuthenticationActivity.java" />
      <jump line="0" column="0" filename="D:/Code/Work/hmyCarAndroid/.idea/codeStyles/Project.xml" />
      <jump line="103" column="21" filename="D:/Code/Work/hmyCarAndroid/.idea/codeStyles/Project.xml" />
      <jump line="50" column="0" filename="D:/Code/Work/hmyDriverAndroid/module_feedback/src/main/java/com/hmy/feedback/mvp/ui/adapter/FeedbackReplyAdapter.java" />
      <jump line="38" column="29" filename="D:/Code/Work/hmyCarAndroid/module_feedback/src/main/java/com/hmy/feedback/mvp/ui/adapter/FeedbackReplyAdapter.java" />
      <jump line="31" column="13" filename="D:/Code/Work/hmyGoodsAndroid/module_feedback/src/main/java/com/hmy/feedback/mvp/ui/adapter/FeedbackReplyAdapter.java" />
      <jump line="90" column="32" filename="D:/Code/Work/hmyCarAndroid/module_feedback/src/main/java/com/hmy/feedback/mvp/ui/adapter/FeedbackReplyAdapter.java" />
      <jump line="24" column="0" filename="D:/Code/Work/hmyCarAndroid/module_feedback/src/main/res/layout/item_reply.xml" />
      <jump line="0" column="0" filename="D:/Code/Work/hmyCarAndroid/module_feedback/src/main/res/layout/item_reply.xml" />
      <jump line="51" column="0" filename="D:/Code/Work/hmyCarAndroid/module_feedback/src/main/res/layout/item_reply.xml" />
      <jump line="61" column="23" filename="D:/Code/Work/hmyGoodsAndroid/CommonSDK/src/main/java/me/jessyan/armscomponent/commonsdk/core/GlobalHttpHandlerImpl.java" />
      <jump line="62" column="13" filename="D:/Code/Work/hmyCarAndroid/module_login/src/main/java/com/hmy/module/login/mvp/ui/activity/MainLoginActivity.java" />
      <jump line="51" column="47" filename="D:/Code/Work/hmyCarAndroid/module_login/src/main/res/layout/activity_main_login.xml" />
      <jump line="12" column="38" filename="D:/Code/Work/hmyCarAndroid/module_login/src/main/res/layout/activity_main_login.xml" />
      <jump line="256" column="9" filename="D:/Code/Work/hmyCarAndroid/module_login/src/main/res/layout/activity_register_user.xml" />
      <jump line="75" column="19" filename="D:/Code/Work/hmyCarAndroid/module_login/src/main/java/com/hmy/module/login/mvp/ui/activity/MainLoginActivity.java" />
      <jump line="312" column="0" filename="D:/Code/Work/hmyCarAndroid/module_login/src/main/java/com/hmy/module/login/mvp/ui/activity/MainLoginActivity.java" />
      <jump line="251" column="34" filename="D:/Code/Work/hmyCarAndroid/module_login/src/main/res/layout/activity_main_login.xml" />
      <jump line="272" column="32" filename="D:/Code/Work/hmyCarAndroid/module_login/src/main/res/layout/activity_main_login.xml" />
      <jump line="36" column="37" filename="D:/Code/Work/hmyCarAndroid/module_login/src/main/res/layout/activity_main_login.xml" />
      <jump line="172" column="42" filename="D:/Code/Work/hmyCarAndroid/CommonRes/src/main/res/values/strings.xml" />
      <jump line="70" column="37" filename="D:/Code/Work/hmyGoodsAndroid/config.gradle" />
      <jump line="124" column="24" filename="D:/Code/Work/hmyGoodsAndroid/module_login/src/main/java/com/hmy/module/login/mvp/ui/activity/MainLoginActivity.java" />
      <jump line="0" column="0" filename="D:/Code/Work/hmyGoodsAndroid/module_login/src/main/java/com/hmy/module/login/mvp/ui/activity/MainLoginActivity.java" />
      <jump line="301" column="0" filename="D:/Code/Work/hmyGoodsAndroid/module_login/src/main/java/com/hmy/module/login/mvp/ui/activity/MainLoginActivity.java" />
      <jump line="114" column="16" filename="D:/Code/Work/hmyDriverAndroid/CommonArms/src/main/java/com/jess/arms/http/log/DefaultFormatPrinter.java" />
      <jump line="247" column="16" filename="C:/Android/SDK/sources/android-29/android/app/Fragment.java" />
      <jump line="251" column="34" filename="C:/Android/SDK/sources/android-29/android/app/Fragment.java" />
      <jump line="26" column="29" filename="D:/Code/CodeRepository/WanAndroid/app/src/main/java/com/ayvytr/wanandroid/view/ProgressWebView.java" />
      <jump line="85" column="11" filename="D:/Code/Work/hmyDriverAndroid/lib_VehicleEditText/src/main/res/xml/keyboard_car_number_letters.xml" />
      <jump line="61" column="63" filename="D:/Code/Work/hmyDriverAndroid/lib_VehicleEditText/src/main/java/wang/relish/widget/vehicleedittext/VehicleKeyboardView.java" />
      <jump line="101" column="16" filename="D:/Code/Work/hmyDriverAndroid/app/build.gradle" />
      <jump line="175" column="20" filename="D:/Code/Work/hmyDriverAndroid/lib_VehicleEditText/src/main/java/wang/relish/widget/vehicleedittext/VehicleKeyboardHelper.java" />
      <jump line="275" column="30" filename="D:/Code/Work/hmyDriverAndroid/lib_VehicleEditText/src/main/java/wang/relish/widget/vehicleedittext/VehicleKeyboardHelper.java" />
      <jump line="150" column="25" filename="D:/Code/Work/hmyDriverAndroid/lib_VehicleEditText/src/main/java/wang/relish/widget/vehicleedittext/VehicleKeyboardView.java" />
      <jump line="123" column="29" filename="D:/Code/Work/hmyDriverAndroid/lib_VehicleEditText/src/main/java/wang/relish/widget/vehicleedittext/idcard/IdCardKeyboardHelper.java" />
      <jump line="161" column="16" filename="D:/Code/Work/hmyDriverAndroid/lib_VehicleEditText/src/main/java/wang/relish/widget/vehicleedittext/idcard/IdCardKeyboardHelper.java" />
      <jump line="271" column="5" filename="D:/Code/Work/hmyDriverAndroid/lib_VehicleEditText/src/main/java/wang/relish/widget/vehicleedittext/VehicleKeyboardHelper.java" />
      <jump line="48" column="13" filename="D:/Code/Work/hmyDriverAndroid/lib_VehicleEditText/src/main/java/wang/relish/widget/vehicleedittext/idcard/IdCardKeyboardHelper.java" />
      <jump line="100" column="33" filename="D:/Code/Work/hmyDriverAndroid/lib_VehicleEditText/src/main/java/wang/relish/widget/vehicleedittext/idcard/IdCardKeyboardView.java" />
      <jump line="72" column="36" filename="D:/Code/Work/hmyDriverAndroid/lib_VehicleEditText/src/main/java/wang/relish/widget/vehicleedittext/idcard/IdCardKeyboardView.java" />
      <jump line="56" column="13" filename="D:/Code/Work/hmyCarAndroid/module_me/src/main/java/com/hmy/module/me/mvp/ui/fragment/MainMyFragment.java" />
      <jump line="196" column="30" filename="D:/Code/Work/hmyCarAndroid/module_me/src/main/java/com/hmy/module/me/mvp/ui/fragment/MainMyFragment.java" />
      <jump line="57" column="0" filename="D:/Code/Work/hmyCarAndroid/module_me/src/main/java/com/hmy/module/me/mvp/ui/fragment/MainMyFragment.java" />
      <jump line="56" column="13" filename="D:/Code/Work/hmyGoodsAndroid/module_me/src/main/java/com/hmy/module/me/mvp/ui/fragment/MainMyFragment.java" />
      <jump line="628" column="4" filename="D:/Code/Work/hmyDriverAndroid/module_me/src/main/java/com/hmy/module/me/mvp/ui/activity/UserInfoActivity.java" />
      <jump line="53" column="13" filename="D:/Code/Work/hmyGoodsAndroid/module_me/src/main/java/com/hmy/module/me/mvp/ui/activity/PersonalInfoActivity.java" />
      <jump line="8" column="0" filename="D:/Code/Work/hmyCarAndroid/module_me/src/main/res/layout/activity_user_authentication.xml" />
      <jump line="69" column="25" filename="D:/Code/Work/hmyCarAndroid/module_me/src/main/res/layout/ra.xml" />
      <jump line="3" column="9" filename="D:/Code/Work/hmyCarAndroid/module_me/src/main/res/layout/ra.xml" />
      <jump line="130" column="0" filename="D:/Code/Work/hmyCarAndroid/module_me/src/main/res/layout/ra.xml" />
      <jump line="139" column="0" filename="D:/Code/Work/hmyCarAndroid/module_me/src/main/res/layout/ra.xml" />
      <jump line="122" column="19" filename="D:/Code/Work/hmyCarAndroid/module_me/src/main/res/layout/layout_user_credentials.xml" />
      <jump line="13" column="5" filename="D:/Code/Work/hmyCarAndroid/module_me/src/main/res/layout/ra.xml" />
      <jump line="86" column="33" filename="D:/Code/Work/hmyCarAndroid/module_me/src/main/java/com/hmy/module/me/mvp/model/entity/DriverVerifyBean.java" />
      <jump line="279" column="32" filename="D:/Code/Work/hmyCarAndroid/module_me/src/main/java/com/hmy/module/me/mvp/ui/activity/DriverDetailActivity.java" />
      <jump line="284" column="35" filename="D:/Code/Work/hmyCarAndroid/module_me/src/main/java/com/hmy/module/me/mvp/ui/activity/DriverDetailActivity.java" />
      <jump line="360" column="38" filename="D:/Code/Work/hmyCarAndroid/module_me/src/main/java/com/hmy/module/me/mvp/ui/activity/DriverDetailActivity.java" />
      <jump line="283" column="0" filename="D:/Code/Work/hmyCarAndroid/module_me/src/main/java/com/hmy/module/me/mvp/ui/activity/DriverDetailActivity.java" />
      <jump line="257" column="28" filename="D:/Code/Work/hmyCarAndroid/module_me/src/main/java/com/hmy/module/me/mvp/ui/activity/DriverDetailActivity.java" />
      <jump line="162" column="22" filename="D:/Code/Work/hmyCarAndroid/module_me/src/main/java/com/hmy/module/me/mvp/ui/activity/DriverDetailActivity.java" />
      <jump line="517" column="0" filename="D:/Code/Work/hmyGoodsAndroid/module_waybill/src/main/java/com/hmy/module/waybill/mvp/ui/activity/WayBillSendCarEditInfoActivity.java" />
      <jump line="188" column="61" filename="D:/Code/Work/hmyGoodsAndroid/module_waybill/src/main/java/com/hmy/module/waybill/mvp/ui/activity/WayBillSendCarEditInfoActivity.java" />
      <jump line="53" column="0" filename="D:/Code/CodeRepository/WanAndroid/app/src/main/java/com/ayvytr/wanandroid/ui/webview/WebViewActivity.kt" />
      <jump line="58" column="0" filename="D:/Code/CodeRepository/WanAndroid/app/src/main/java/com/ayvytr/wanandroid/ui/webview/WebViewActivity.kt" />
      <jump line="2" column="0" filename="D:/Code/CodeRepository/WanAndroid/app/src/main/java/com/ayvytr/wanandroid/ui/webview/WebViewActivity.kt" />
      <jump line="55" column="0" filename="D:/Code/CodeRepository/WanAndroid/app/src/main/java/com/ayvytr/wanandroid/ui/webview/WebViewActivity.kt" />
      <jump line="0" column="0" filename="D:/Code/CodeRepository/WanAndroid/app/src/main/java/com/ayvytr/wanandroid/ui/webview/WebViewActivity.kt" />
      <jump line="60" column="18" filename="D:/Code/CodeRepository/WanAndroid/app/src/main/java/com/ayvytr/wanandroid/ui/webview/WebViewActivity.kt" />
      <jump line="46" column="29" filename="D:/Code/CodeRepository/WanAndroid/app/src/main/java/com/ayvytr/wanandroid/ui/article/ArticleFragment.kt" />
      <jump line="33" column="17" filename="D:/Code/CodeRepository/WanAndroid/app/src/main/java/com/ayvytr/wanandroid/ui/article/ArticleFragment.kt" />
      <jump line="11" column="0" filename="D:/Code/CodeRepository/WanAndroid/app/src/main/res/layout/item_article.xml" />
      <jump line="30" column="20" filename="D:/Code/CodeRepository/WanAndroid/app/src/main/java/com/ayvytr/wanandroid/ui/article/ArticleFragment.kt" />
      <jump line="54" column="13" filename="D:/Code/Work/hmyDriverAndroid/module_me/src/main/java/com/hmy/module/me/mvp/ui/activity/AboutUsActivity.java" />
      <jump line="230" column="35" filename="$USER_HOME$/.gradle/caches/modules-2/files-2.1/com.google.zxing/core/3.3.3/536b6ab3b3b4607ce86e2ff7f6643db11c473aa7/core-3.3.3-sources.jar!/com/google/zxing/common/HybridBinarizer.java" />
      <jump line="117" column="26" filename="D:/Code/P/Zxing-QrScan/qrscan/src/main/java/com/ayvytr/qrscan/core/PreviewHandler.java" />
      <jump line="70" column="0" filename="D:/Code/Work/hmyCarAndroid/module_me/src/main/res/layout/activity_driver_detail.xml" />
      <jump line="339" column="0" filename="D:/Code/Work/hmyCarAndroid/module_me/src/main/res/layout/activity_driver_detail.xml" />
      <jump line="69" column="18" filename="D:/Code/Work/hmyCarAndroid/CommonRes/src/main/res/values/strings.xml" />
      <jump line="150" column="0" filename="D:/Code/Work/hmyCarAndroid/module_me/src/main/java/com/hmy/module/me/mvp/model/entity/DriverVerifyBean.java" />
      <jump line="85" column="4" filename="D:/Code/Work/hmyCarAndroid/module_me/src/main/java/com/hmy/module/me/mvp/model/entity/DriverDetailBean.java" />
      <jump line="408" column="0" filename="D:/Code/Work/hmyCarAndroid/module_me/src/main/java/com/hmy/module/me/mvp/ui/activity/DriverDetailActivity.java" />
      <jump line="236" column="21" filename="D:/Code/P/Zxing-QrScan/app/src/main/java/com/ayvytr/qrscantest/MainActivity.java" />
      <jump line="79" column="16" filename="$USER_HOME$/.gradle/caches/modules-2/files-2.1/com.google.zxing/core/3.3.3/536b6ab3b3b4607ce86e2ff7f6643db11c473aa7/core-3.3.3-sources.jar!/com/google/zxing/MultiFormatReader.java" />
      <jump line="182" column="0" filename="D:/Code/P/Zxing-QrScan/qrscan/src/main/java/com/ayvytr/qrscan/core/PreviewHandler.java" />
      <jump line="29" column="44" filename="D:/Code/P/Zxing-QrScan/qrscan/src/main/java/com/ayvytr/qrscan/core/PreviewHandler.java" />
      <jump line="210" column="11" filename="$USER_HOME$/.gradle/caches/modules-2/files-2.1/com.google.zxing/core/3.3.3/536b6ab3b3b4607ce86e2ff7f6643db11c473aa7/core-3.3.3-sources.jar!/com/google/zxing/common/HybridBinarizer.java" />
      <jump line="254" column="16" filename="D:/Code/Work/hmyCarAndroid/module_me/src/main/java/com/hmy/module/me/mvp/ui/activity/DriverListActivity.java" />
      <jump line="49" column="0" filename="D:/Code/CodeRepository/WanAndroid/app/src/main/java/com/ayvytr/wanandroid/ui/project/ProjectFragment.kt" />
      <jump line="43" column="18" filename="D:/Code/CodeRepository/WanAndroid/app/src/main/java/com/ayvytr/wanandroid/ui/article/ArticleViewModel.kt" />
      <jump line="41" column="37" filename="D:/Code/CodeRepository/WanAndroid/app/src/main/java/com/ayvytr/wanandroid/ui/HomeFragment.kt" />
    </jumps>
  </component>
  <component name="VimRegisterSettings">
    <registers>
      <register name="&quot;" type="4">
        <text encoding="base64">IA==</text>
      </register>
      <register name="-" type="4">
        <text encoding="base64">IA==</text>
      </register>
      <register name="0" type="2">
        <text encoding="base64">ICAgIHZhbCBhcnRpY2xlTGl2ZURhdGEgPSBNdXRhYmxlTGl2ZURhdGE8UGFnZUJlYW48QXJ0aWNsZT4+KCkK</text>
      </register>
      <register name="1" type="2">
        <text encoding="base64">ICAgICAgICBtVmlld01vZGVsLmdldE1haW5BcnRpY2xlKGZpcnN0UGFnZSkK</text>
      </register>
      <register name="2" type="2">
        <text encoding="base64">ICAgICAgICByZXR1cm4gbVZpZXdNb2RlbC5hcnRpY2xlTGl2ZURhdGEK</text>
      </register>
      <register name="3" type="2">
        <text encoding="base64">ICAgIG92ZXJyaWRlIGZ1biBsb2FkRGF0YShwYWdlOiBJbnQsIGlzTG9hZE1vcmU6IEJvb2xlYW4pIHsKICAgICAgICBtVmlld01vZGVsLmdldE1haW5BcnRpY2xlKHBhZ2UsIGlzTG9hZE1vcmUpCiAgICB9Cg==</text>
      </register>
      <register name="4" type="2">
        <text encoding="base64">ICAgIAo=</text>
      </register>
      <register name="5" type="2">
        <text encoding="base64">ICAgICAgICAgICAgcmVwb3NpdG9yeWRkTwo=</text>
      </register>
      <register name="6" type="2">
        <text encoding="base64">ICAgIHZhbCByZXBvc2l0b3J5ID0gUmVwb3NpdG9yeSgpCg==</text>
      </register>
      <register name="7" type="2">
        <text encoding="base64">Cg==</text>
      </register>
      <register name="8" type="2">
        <text encoding="base64">ICAgICAgICBzdXBlci5sb2FkRGF0YShwYWdlLCBpc0xvYWRNb3JlKQo=</text>
      </register>
      <register name="9" type="2">
        <text encoding="base64">ICAgIHZhbCBwcm9qZWN0TGl2ZURhdGEgPSBNdXRhYmxlTGl2ZURhdGE8UGFnZUJlYW48QXJ0aWNsZT4+KCkK</text>
      </register>
      <register name=":" type="4">
        <text>set keep-english-in-normal-and-restore-in-insert</text>
      </register>
    </registers>
  </component>
  <component name="VimSearchSettings">
    <search>
      <last-dir>0</last-dir>
      <show-last>false</show-last>
    </search>
  </component>
  <component name="VimSettings">
    <state version="6" enabled="true" />
    <notifications>
      <idea-join enabled="true" />
      <idea-put enabled="false" />
    </notifications>
  </component>
</application>