<application>
  <component name="VimEditorSettings">
    <editor />
  </component>
  <component name="VimHistorySettings">
    <history>
      <history-search />
      <history-cmd>
        <entry>set keep-english-in-normal-and-restore-in-insert</entry>
      </history-cmd>
      <history-expr />
      <history-input />
    </history>
  </component>
  <component name="VimKeySettings">
    <shortcut-conflicts>
      <shortcut-conflict owner="ide">
        <text>ctrl pressed Q</text>
      </shortcut-conflict>
      <shortcut-conflict owner="ide">
        <text>ctrl pressed V</text>
      </shortcut-conflict>
      <shortcut-conflict owner="ide">
        <text>ctrl pressed K</text>
      </shortcut-conflict>
      <shortcut-conflict owner="vim">
        <text>ctrl pressed A</text>
      </shortcut-conflict>
      <shortcut-conflict owner="ide">
        <text>ctrl pressed X</text>
      </shortcut-conflict>
      <shortcut-conflict owner="vim">
        <text>ctrl pressed N</text>
      </shortcut-conflict>
      <shortcut-conflict owner="ide">
        <text>ctrl pressed C</text>
      </shortcut-conflict>
      <shortcut-conflict owner="vim">
        <text>ctrl pressed D</text>
      </shortcut-conflict>
      <shortcut-conflict owner="ide">
        <text>ctrl pressed F</text>
      </shortcut-conflict>
      <shortcut-conflict owner="ide">
        <text>ctrl pressed H</text>
      </shortcut-conflict>
      <shortcut-conflict owner="ide">
        <text>ctrl pressed E</text>
      </shortcut-conflict>
      <shortcut-conflict owner="vim">
        <text>ctrl pressed S</text>
      </shortcut-conflict>
      <shortcut-conflict owner="vim">
        <text>ctrl pressed B</text>
      </shortcut-conflict>
    </shortcut-conflicts>
  </component>
  <component name="VimMarksSettings">
    <globalmarks />
    <filemarks>
      <file name="/a.dummy" timestamp="1589181374655">
        <mark key="[" line="0" column="1" />
      </file>
      <file name="D:/Code/Work/hmyDriverAndroid/module_me/src/main/res/layout/fragment_main_my.xml" timestamp="1589183313259" />
      <file name="D:/Code/Work/hmyGoodsAndroid/module_me/src/main/java/com/hmy/module/me/mvp/ui/fragment/MainMyFragment.java" timestamp="1589183503633">
        <mark key="'" line="56" column="13" />
        <mark key="[" line="234" column="0" />
        <mark key="]" line="234" column="0" />
        <mark key="." line="234" column="0" />
      </file>
      <file name="D:/Code/Work/hmyDriverAndroid/lib_VehicleEditText/src/main/java/wang/relish/widget/vehicleedittext/idcard/IdCardKeyboardView.java" timestamp="1589183131493">
        <mark key="'" line="72" column="36" />
        <mark key="[" line="53" column="57" />
        <mark key="]" line="73" column="50" />
        <mark key="." line="73" column="49" />
        <mark key="^" line="73" column="50" />
      </file>
      <file name="D:/Code/Work/hmyCarAndroid/module_me/src/main/java/com/hmy/module/me/mvp/presenter/MainMyPresenter.java" timestamp="1589184033232">
        <mark key="[" line="159" column="0" />
        <mark key="]" line="159" column="0" />
        <mark key="." line="159" column="0" />
      </file>
      <file name="D:/Code/Work/hmyCarAndroid/module_me/src/main/java/com/hmy/module/me/mvp/ui/fragment/MainMyFragment.java" timestamp="1589184046220">
        <mark key="'" line="57" column="0" />
      </file>
      <file name="D:/Code/Work/hmyCarAndroid/CommonRes/src/main/java/me/jessyan/armscomponent/commonres/utils/GlideUtils.java" timestamp="1589184166524" />
      <file name="D:/Code/Work/hmyDriverAndroid/lib_VehicleEditText/src/main/java/wang/relish/widget/vehicleedittext/VehicleKeyboardHelper.java" timestamp="1589182883962">
        <mark key="'" line="271" column="5" />
      </file>
      <file name="D:/Code/Work/hmyDriverAndroid/module_me/src/main/java/com/hmy/module/me/mvp/ui/activity/UserInfoActivity.java" timestamp="1589183617288">
        <mark key="'" line="628" column="4" />
        <mark key="[" line="189" column="51" />
        <mark key="]" line="189" column="52" />
        <mark key="^" line="189" column="52" />
        <mark key="." line="189" column="51" />
      </file>
      <file name="D:/Code/Work/hmyCarAndroid/config.gradle" timestamp="1589184182120">
        <mark key="[" line="7" column="33" />
        <mark key="]" line="7" column="34" />
        <mark key="." line="7" column="34" />
      </file>
      <file name="D:/Code/Work/hmyDriverAndroid/lib_VehicleEditText/src/main/res/xml/keyboard_car_number_letters.xml" timestamp="1589181518644" />
      <file name="/Dummy.txt" timestamp="1589183996752">
        <mark key="[" line="0" column="0" />
        <mark key="]" line="0" column="0" />
        <mark key="." line="0" column="0" />
      </file>
      <file name="D:/Code/Work/hmyDriverAndroid/module_me/src/main/res/layout/activity_user_info.xml" timestamp="1589183601409" />
      <file name="D:/Code/Work/hmyDriverAndroid/module_me/src/main/java/com/hmy/module/me/mvp/presenter/UserInfoPresenter.java" timestamp="1589183718115">
        <mark key="[" line="383" column="0" />
        <mark key="]" line="383" column="0" />
        <mark key="^" line="386" column="5" />
        <mark key="." line="383" column="0" />
      </file>
      <file name="D:/Code/Work/hmyDriverAndroid/lib_VehicleEditText/src/main/java/wang/relish/widget/vehicleedittext/idcard/IdCardKeyboardHelper.java" timestamp="1589183050900">
        <mark key="'" line="48" column="13" />
        <mark key="[" line="171" column="0" />
        <mark key="]" line="171" column="0" />
        <mark key="^" line="111" column="16" />
        <mark key="." line="171" column="0" />
      </file>
      <file name="D:/Code/Work/hmyDriverAndroid/module_me/src/main/java/com/hmy/module/me/mvp/ui/fragment/MainMyFragment.java" timestamp="1589183338214">
        <mark key="[" line="205" column="0" />
        <mark key="]" line="205" column="0" />
        <mark key="." line="205" column="0" />
      </file>
      <file name="/fragment.java" timestamp="1589182697483">
        <mark key="[" line="0" column="0" />
      </file>
      <file name="D:/Code/Work/hmyDriverAndroid/lib_VehicleEditText/src/main/java/wang/relish/widget/vehicleedittext/VehicleKeyboardView.java" timestamp="1589181239389">
        <mark key="'" line="150" column="25" />
      </file>
    </filemarks>
    <jumps>
      <jump line="105" column="28" filename="D:/Code/CodeRepository/OKHttpLogInterceptor/okhttploginterceptor/src/main/java/com/ayvytr/okhttploginterceptor/LoggingInterceptor.kt" />
      <jump line="300" column="0" filename="D:/Code/CodeRepository/OKHttpLogInterceptor/okhttploginterceptor/src/main/java/com/ayvytr/okhttploginterceptor/HttpLoggingInterceptor.kt" />
      <jump line="66" column="42" filename="D:/Code/CodeRepository/OKHttpLogInterceptor/okhttploginterceptor/src/main/java/com/ayvytr/okhttploginterceptor/HttpLoggingInterceptor.kt" />
      <jump line="361" column="0" filename="D:/Code/CodeRepository/OKHttpLogInterceptor/okhttploginterceptor/src/main/java/com/ayvytr/okhttploginterceptor/HttpLoggingInterceptor.kt" />
      <jump line="82" column="12" filename="D:/Code/CodeRepository/OKHttpLogInterceptor/okhttploginterceptor/src/main/java/com/ayvytr/okhttploginterceptor/LoggingInterceptor.kt" />
      <jump line="259" column="29" filename="D:/Code/Work/hmyDriverAndroid/CommonArms/src/main/java/com/jess/arms/utils/ZipHelper.java" />
      <jump line="272" column="22" filename="C:/Android/SDK/sources/android-27/java/nio/charset/Charset.java" />
      <jump line="84" column="43" filename="D:/Code/CodeRepository/OKHttpLogInterceptor/okhttploginterceptor/src/main/java/com/ayvytr/okhttploginterceptor/LoggingInterceptor.kt" />
      <jump line="2573" column="0" filename="C:/Android/SDK/sources/android-27/java/lang/String.java" />
      <jump line="198" column="34" filename="D:/Code/CodeRepository/OKHttpLogInterceptor/okhttploginterceptor/src/main/java/com/ayvytr/okhttploginterceptor/LoggingInterceptor.kt" />
      <jump line="87" column="41" filename="D:/Code/Work/hmyDriverAndroid/CommonArms/src/main/java/com/jess/arms/http/log/RequestInterceptor.java" />
      <jump line="60" column="20" filename="D:/Code/Work/hmyDriverAndroid/CommonArms/src/main/java/com/jess/arms/http/log/RequestInterceptor.java" />
      <jump line="44" column="38" filename="D:/Code/CodeRepository/OKHttpLogInterceptor/app/src/main/java/com/ayvytr/okhttploginterceptorproject/MainActivity.kt" />
      <jump line="286" column="19" filename="$USER_HOME$/.gradle/caches/modules-2/files-2.1/com.squareup.okhttp3/okhttp/4.6.0/46b747b470c8bb885006706f33b6eeab9a5a52a5/okhttp-4.6.0-sources.jar!/okhttp3/Request.kt" />
      <jump line="870" column="33" filename="$USER_HOME$/.gradle/caches/modules-2/files-2.1/com.squareup.okhttp3/okhttp/4.6.0/46b747b470c8bb885006706f33b6eeab9a5a52a5/okhttp-4.6.0-sources.jar!/okhttp3/HttpUrl.kt" />
      <jump line="112" column="38" filename="D:/Code/CodeRepository/OKHttpLogInterceptor/okhttploginterceptor/src/main/java/com/ayvytr/okhttploginterceptor/LoggingInterceptor.kt" />
      <jump line="1926" column="32" filename="C:/Android/SDK/sources/android-27/android/net/Uri.java" />
      <jump line="628" column="6" filename="$USER_HOME$/.gradle/caches/modules-2/files-2.1/com.squareup.okhttp3/okhttp/4.6.0/46b747b470c8bb885006706f33b6eeab9a5a52a5/okhttp-4.6.0-sources.jar!/okhttp3/HttpUrl.kt" />
      <jump line="20" column="42" filename="D:/Code/CodeRepository/AndroidCoroutine/base-coroutine-activity-androidx/src/main/java/com/ayvytr/coroutine/BaseCoroutineActivity.kt" />
      <jump line="258" column="7" filename="D:/Code/Work/hmyDriverAndroid/CommonArms/src/main/java/com/jess/arms/http/log/RequestInterceptor.java" />
      <jump line="0" column="0" filename="D:/Code/Work/hmyDriverAndroid/CommonArms/src/main/java/com/jess/arms/http/log/RequestInterceptor.java" />
      <jump line="72" column="17" filename="D:/Code/Work/hmyDriverAndroid/CommonArms/src/main/java/com/jess/arms/http/log/RequestInterceptor.java" />
      <jump line="279" column="0" filename="D:/Code/Work/hmyDriverAndroid/CommonArms/src/main/java/com/jess/arms/http/log/RequestInterceptor.java" />
      <jump line="94" column="31" filename="D:/Code/CodeRepository/OKHttpLogInterceptor/okhttploginterceptor/src/main/java/com/ayvytr/okhttploginterceptor/Ext.kt" />
      <jump line="101" column="0" filename="D:/Code/CodeRepository/OKHttpLogInterceptor/okhttploginterceptor/src/main/java/com/ayvytr/okhttploginterceptor/LoggingInterceptor.kt" />
      <jump line="47" column="19" filename="D:/Code/CodeRepository/OKHttpLogInterceptor/okhttploginterceptor/src/main/java/com/ayvytr/okhttploginterceptor/Ext.kt" />
      <jump line="191" column="18" filename="D:/Code/CodeRepository/OKHttpLogInterceptor/okhttploginterceptor/src/main/java/com/ayvytr/okhttploginterceptor/LoggingInterceptor.kt" />
      <jump line="190" column="26" filename="D:/Code/Work/hmyDriverAndroid/module_waybill/src/main/java/com/hmy/module/waybill/mvp/ui/activity/WayBillDetailActivity.java" />
      <jump line="206" column="28" filename="D:/Code/Work/hmyDriverAndroid/module_me/src/main/java/com/hmy/module/me/mvp/ui/fragment/MainMyFragment.java" />
      <jump line="214" column="18" filename="D:/Code/Work/hmyDriverAndroid/module_me/src/main/java/com/hmy/module/me/mvp/ui/activity/CompanyJoinManageActivity.java" />
      <jump line="94" column="31" filename="D:/Code/Work/hmyDriverAndroid/module_me/src/main/java/com/hmy/module/me/mvp/ui/fragment/MainMyFragment.java" />
      <jump line="56" column="25" filename="D:/Code/Work/hmyDriverAndroid/module_me/src/main/java/com/hmy/module/me/mvp/ui/fragment/MainMyFragment.java" />
      <jump line="53" column="39" filename="D:/Code/Work/hmyDriverAndroid/module_me/src/main/java/com/hmy/module/me/mvp/ui/fragment/MainMyFragment.java" />
      <jump line="216" column="0" filename="D:/Code/Work/hmyDriverAndroid/module_me/src/main/java/com/hmy/module/me/mvp/ui/fragment/MainMyFragment.java" />
      <jump line="0" column="0" filename="D:/Code/Work/hmyDriverAndroid/module_me/src/main/java/com/hmy/module/me/mvp/ui/fragment/MainMyFragment.java" />
      <jump line="163" column="0" filename="D:/Code/CodeRepository/OKHttpLogInterceptor/okhttploginterceptor/src/main/java/com/ayvytr/okhttploginterceptor/LoggingInterceptor.kt" />
      <jump line="8" column="35" filename="D:/Code/CodeRepository/OKHttpLogInterceptor/okhttploginterceptor/src/main/java/com/ayvytr/okhttploginterceptor/LoggingInterceptor.kt" />
      <jump line="185" column="38" filename="D:/Code/CodeRepository/OKHttpLogInterceptor/okhttploginterceptor/src/main/java/com/ayvytr/okhttploginterceptor/LoggingInterceptor.kt" />
      <jump line="193" column="19" filename="D:/Code/CodeRepository/OKHttpLogInterceptor/okhttploginterceptor/src/main/java/com/ayvytr/okhttploginterceptor/LoggingInterceptor.kt" />
      <jump line="196" column="19" filename="D:/Code/CodeRepository/OKHttpLogInterceptor/okhttploginterceptor/src/main/java/com/ayvytr/okhttploginterceptor/LoggingInterceptor.kt" />
      <jump line="164" column="25" filename="D:/Code/CodeRepository/OKHttpLogInterceptor/okhttploginterceptor/src/main/java/com/ayvytr/okhttploginterceptor/LoggingInterceptor.kt" />
      <jump line="24" column="13" filename="D:/Code/CodeRepository/OKHttpLogInterceptor/okhttploginterceptor/src/main/java/com/ayvytr/okhttploginterceptor/LoggingInterceptor.kt" />
      <jump line="153" column="26" filename="D:/Code/CodeRepository/OKHttpLogInterceptor/okhttploginterceptor/src/main/java/com/ayvytr/okhttploginterceptor/LoggingInterceptor.kt" />
      <jump line="168" column="24" filename="D:/Code/CodeRepository/OKHttpLogInterceptor/okhttploginterceptor/src/main/java/com/ayvytr/okhttploginterceptor/LoggingInterceptor.kt" />
      <jump line="29" column="16" filename="D:/Code/CodeRepository/OKHttpLogInterceptor/okhttploginterceptor/src/main/java/com/ayvytr/okhttploginterceptor/LoggingInterceptor.kt" />
      <jump line="195" column="0" filename="D:/Code/CodeRepository/OKHttpLogInterceptor/okhttploginterceptor/src/main/java/com/ayvytr/okhttploginterceptor/LoggingInterceptor.kt" />
      <jump line="49" column="0" filename="D:/Code/CodeRepository/OKHttpLogInterceptor/okhttploginterceptor/src/main/java/com/ayvytr/okhttploginterceptor/Ext.kt" />
      <jump line="185" column="0" filename="D:/Code/CodeRepository/OKHttpLogInterceptor/okhttploginterceptor/src/main/java/com/ayvytr/okhttploginterceptor/Ext.kt" />
      <jump line="9" column="25" filename="D:/Code/CodeRepository/OKHttpLogInterceptor/okhttploginterceptor/src/main/java/com/ayvytr/okhttploginterceptor/Ext.kt" />
      <jump line="54" column="14" filename="D:/Code/CodeRepository/AndroidCoroutine/network/src/main/java/com/ayvytr/network/ApiClient.kt" />
      <jump line="150" column="8" filename="D:/Code/CodeRepository/OKHttpLogInterceptor/network/src/main/java/com/ayvytr/network/ApiClient.kt" />
      <jump line="58" column="6" filename="D:/Code/CodeRepository/WanAndroid/app/src/main/java/com/ayvytr/wanandroid/api/Api.kt" />
      <jump line="163" column="0" filename="D:/Code/CodeRepository/WanAndroid/app/src/main/java/com/ayvytr/wanandroid/api/Api.kt" />
      <jump line="62" column="13" filename="D:/Code/Work/hmyDriverAndroid/module_me/src/main/java/com/hmy/module/me/mvp/ui/activity/UserAuthenticationActivity.java" />
      <jump line="567" column="53" filename="D:/Code/Work/hmyDriverAndroid/module_me/src/main/java/com/hmy/module/me/mvp/ui/activity/UserAuthenticationActivity.java" />
      <jump line="0" column="0" filename="D:/Code/Work/hmyCarAndroid/.idea/codeStyles/Project.xml" />
      <jump line="103" column="21" filename="D:/Code/Work/hmyCarAndroid/.idea/codeStyles/Project.xml" />
      <jump line="50" column="0" filename="D:/Code/Work/hmyDriverAndroid/module_feedback/src/main/java/com/hmy/feedback/mvp/ui/adapter/FeedbackReplyAdapter.java" />
      <jump line="38" column="29" filename="D:/Code/Work/hmyCarAndroid/module_feedback/src/main/java/com/hmy/feedback/mvp/ui/adapter/FeedbackReplyAdapter.java" />
      <jump line="31" column="13" filename="D:/Code/Work/hmyGoodsAndroid/module_feedback/src/main/java/com/hmy/feedback/mvp/ui/adapter/FeedbackReplyAdapter.java" />
      <jump line="90" column="32" filename="D:/Code/Work/hmyCarAndroid/module_feedback/src/main/java/com/hmy/feedback/mvp/ui/adapter/FeedbackReplyAdapter.java" />
      <jump line="24" column="0" filename="D:/Code/Work/hmyCarAndroid/module_feedback/src/main/res/layout/item_reply.xml" />
      <jump line="0" column="0" filename="D:/Code/Work/hmyCarAndroid/module_feedback/src/main/res/layout/item_reply.xml" />
      <jump line="51" column="0" filename="D:/Code/Work/hmyCarAndroid/module_feedback/src/main/res/layout/item_reply.xml" />
      <jump line="61" column="23" filename="D:/Code/Work/hmyGoodsAndroid/CommonSDK/src/main/java/me/jessyan/armscomponent/commonsdk/core/GlobalHttpHandlerImpl.java" />
      <jump line="62" column="13" filename="D:/Code/Work/hmyCarAndroid/module_login/src/main/java/com/hmy/module/login/mvp/ui/activity/MainLoginActivity.java" />
      <jump line="51" column="47" filename="D:/Code/Work/hmyCarAndroid/module_login/src/main/res/layout/activity_main_login.xml" />
      <jump line="12" column="38" filename="D:/Code/Work/hmyCarAndroid/module_login/src/main/res/layout/activity_main_login.xml" />
      <jump line="256" column="9" filename="D:/Code/Work/hmyCarAndroid/module_login/src/main/res/layout/activity_register_user.xml" />
      <jump line="75" column="19" filename="D:/Code/Work/hmyCarAndroid/module_login/src/main/java/com/hmy/module/login/mvp/ui/activity/MainLoginActivity.java" />
      <jump line="312" column="0" filename="D:/Code/Work/hmyCarAndroid/module_login/src/main/java/com/hmy/module/login/mvp/ui/activity/MainLoginActivity.java" />
      <jump line="251" column="34" filename="D:/Code/Work/hmyCarAndroid/module_login/src/main/res/layout/activity_main_login.xml" />
      <jump line="272" column="32" filename="D:/Code/Work/hmyCarAndroid/module_login/src/main/res/layout/activity_main_login.xml" />
      <jump line="36" column="37" filename="D:/Code/Work/hmyCarAndroid/module_login/src/main/res/layout/activity_main_login.xml" />
      <jump line="172" column="42" filename="D:/Code/Work/hmyCarAndroid/CommonRes/src/main/res/values/strings.xml" />
      <jump line="70" column="37" filename="D:/Code/Work/hmyGoodsAndroid/config.gradle" />
      <jump line="124" column="24" filename="D:/Code/Work/hmyGoodsAndroid/module_login/src/main/java/com/hmy/module/login/mvp/ui/activity/MainLoginActivity.java" />
      <jump line="0" column="0" filename="D:/Code/Work/hmyGoodsAndroid/module_login/src/main/java/com/hmy/module/login/mvp/ui/activity/MainLoginActivity.java" />
      <jump line="301" column="0" filename="D:/Code/Work/hmyGoodsAndroid/module_login/src/main/java/com/hmy/module/login/mvp/ui/activity/MainLoginActivity.java" />
      <jump line="114" column="16" filename="D:/Code/Work/hmyDriverAndroid/CommonArms/src/main/java/com/jess/arms/http/log/DefaultFormatPrinter.java" />
      <jump line="247" column="16" filename="C:/Android/SDK/sources/android-29/android/app/Fragment.java" />
      <jump line="251" column="34" filename="C:/Android/SDK/sources/android-29/android/app/Fragment.java" />
      <jump line="26" column="29" filename="D:/Code/CodeRepository/WanAndroid/app/src/main/java/com/ayvytr/wanandroid/view/ProgressWebView.java" />
      <jump line="85" column="11" filename="D:/Code/Work/hmyDriverAndroid/lib_VehicleEditText/src/main/res/xml/keyboard_car_number_letters.xml" />
      <jump line="61" column="63" filename="D:/Code/Work/hmyDriverAndroid/lib_VehicleEditText/src/main/java/wang/relish/widget/vehicleedittext/VehicleKeyboardView.java" />
      <jump line="101" column="16" filename="D:/Code/Work/hmyDriverAndroid/app/build.gradle" />
      <jump line="175" column="20" filename="D:/Code/Work/hmyDriverAndroid/lib_VehicleEditText/src/main/java/wang/relish/widget/vehicleedittext/VehicleKeyboardHelper.java" />
      <jump line="275" column="30" filename="D:/Code/Work/hmyDriverAndroid/lib_VehicleEditText/src/main/java/wang/relish/widget/vehicleedittext/VehicleKeyboardHelper.java" />
      <jump line="150" column="25" filename="D:/Code/Work/hmyDriverAndroid/lib_VehicleEditText/src/main/java/wang/relish/widget/vehicleedittext/VehicleKeyboardView.java" />
      <jump line="123" column="29" filename="D:/Code/Work/hmyDriverAndroid/lib_VehicleEditText/src/main/java/wang/relish/widget/vehicleedittext/idcard/IdCardKeyboardHelper.java" />
      <jump line="161" column="16" filename="D:/Code/Work/hmyDriverAndroid/lib_VehicleEditText/src/main/java/wang/relish/widget/vehicleedittext/idcard/IdCardKeyboardHelper.java" />
      <jump line="271" column="5" filename="D:/Code/Work/hmyDriverAndroid/lib_VehicleEditText/src/main/java/wang/relish/widget/vehicleedittext/VehicleKeyboardHelper.java" />
      <jump line="48" column="13" filename="D:/Code/Work/hmyDriverAndroid/lib_VehicleEditText/src/main/java/wang/relish/widget/vehicleedittext/idcard/IdCardKeyboardHelper.java" />
      <jump line="100" column="33" filename="D:/Code/Work/hmyDriverAndroid/lib_VehicleEditText/src/main/java/wang/relish/widget/vehicleedittext/idcard/IdCardKeyboardView.java" />
      <jump line="72" column="36" filename="D:/Code/Work/hmyDriverAndroid/lib_VehicleEditText/src/main/java/wang/relish/widget/vehicleedittext/idcard/IdCardKeyboardView.java" />
      <jump line="56" column="13" filename="D:/Code/Work/hmyCarAndroid/module_me/src/main/java/com/hmy/module/me/mvp/ui/fragment/MainMyFragment.java" />
      <jump line="196" column="30" filename="D:/Code/Work/hmyCarAndroid/module_me/src/main/java/com/hmy/module/me/mvp/ui/fragment/MainMyFragment.java" />
      <jump line="57" column="0" filename="D:/Code/Work/hmyCarAndroid/module_me/src/main/java/com/hmy/module/me/mvp/ui/fragment/MainMyFragment.java" />
      <jump line="56" column="13" filename="D:/Code/Work/hmyGoodsAndroid/module_me/src/main/java/com/hmy/module/me/mvp/ui/fragment/MainMyFragment.java" />
      <jump line="628" column="4" filename="D:/Code/Work/hmyDriverAndroid/module_me/src/main/java/com/hmy/module/me/mvp/ui/activity/UserInfoActivity.java" />
    </jumps>
  </component>
  <component name="VimRegisterSettings">
    <registers>
      <register name="&quot;" type="2">
        <text encoding="base64">Ly8gICAgICAgICAgICAgICAgfSk7Cg==</text>
      </register>
      <register name="-" type="4">
        <text>;</text>
      </register>
      <register name="0" type="2">
        <text encoding="base64">ICAgIGNvbXBpbGUgImNvbS5qYWtld2hhcnRvbjpidXR0ZXJrbmlmZTo5LjAuMCIsCg==</text>
      </register>
      <register name="1" type="2">
        <text encoding="base64">Ly8gICAgICAgICAgICAgICAgfSk7Cg==</text>
      </register>
      <register name="2" type="2">
        <text encoding="base64">Ly8gICAgICAgICAgICAgICAgICAgIH0K</text>
      </register>
      <register name="3" type="2">
        <text encoding="base64">Ly8gICAgICAgICAgICAgICAgICAgICAgICBJbWFnZVZpZXdMb29rSW1nc1V0aWxzLmluaXQoKS5sb29rSW1ncyhBcHBNYW5hZ2VyVXRpbC5nZXRDdXJyZW50QWN0aXZpdHkoKSwgaGVhZFVybCk7Cg==</text>
      </register>
      <register name="4" type="2">
        <text encoding="base64">Ly8gICAgICAgICAgICAgICAgICAgIHB1YmxpYyB2b2lkIG9uQ2xpY2soVmlldyB2KSB7Cg==</text>
      </register>
      <register name="5" type="2">
        <text encoding="base64">Ly8gICAgICAgICAgICAgICAgICAgIEBPdmVycmlkZQo=</text>
      </register>
      <register name="6" type="2">
        <text encoding="base64">Ly8gICAgICAgICAgICAgICAgaW1hZ2VWaWV3LnNldE9uQ2xpY2tMaXN0ZW5lcihuZXcgVmlldy5PbkNsaWNrTGlzdGVuZXIoKSB7Cg==</text>
      </register>
      <register name="7" type="2">
        <text encoding="base64">ICAgICAgICAgICAgICAgIH0pCg==</text>
      </register>
      <register name="8" type="2">
        <text encoding="base64">ICAgICAgICAgICAgICAgICAgICB9Cg==</text>
      </register>
      <register name="9" type="2">
        <text encoding="base64">ICAgICAgICAgICAgICAgICAgICAgICAgSW1hZ2VWaWV3TG9va0ltZ3NVdGlscy5pbml0KCkubG9va0ltZ3MoQXBwTWFuYWdlclV0aWwuZ2V0Q3VycmVudEFjdGl2aXR5KCksIHVybCk7Cg==</text>
      </register>
      <register name=":" type="4">
        <text>set keep-english-in-normal-and-restore-in-insert</text>
      </register>
    </registers>
  </component>
  <component name="VimSearchSettings">
    <search>
      <last-dir>0</last-dir>
      <show-last>false</show-last>
    </search>
  </component>
  <component name="VimSettings">
    <state version="6" enabled="true" />
    <notifications>
      <idea-join enabled="true" />
      <idea-put enabled="false" />
    </notifications>
  </component>
</application>