<application>
  <component name="AppStorage">
    <histories>
      <item value="Administrator" />
      <item value="digits" />
      <item value="tv Retrieve Password" />
      <item value="POM INCEPTION YEAR" />
    </histories>
    <option name="languageScores">
      <map>
        <entry key="CHINESE" value="3" />
        <entry key="ENGLISH" value="4" />
      </map>
    </option>
  </component>
  <component name="Cache">
    <option name="lastTrimTime" value="1655447736495" />
  </component>
  <component name="Settings">
    <option name="phoneticFontFamily" value="Consolas" />
    <option name="primaryFontFamily" value="Consolas" />
  </component>
</application>