<application>
  <component name="AppStorage">
    <histories>
      <item value="add Filters" />
      <item value="inverse" />
      <item value="* Alternating, decoded query names and values, or null for no query. Names may be empty or * non-empty, but never null. Values are null if the name has no corresponding '=' separator, or * empty, or non-empty." />
      <item value="* Returns the connection the request will be executed on. This is only available in the chains * of network interceptors; for application interceptors this is always null." />
      <item value="Peeks" />
      <item value="transmits" />
      <item value="* Configures Gson to output Json that fits in a page for pretty printing. This option only * affects Json serialization." />
      <item value="This option makes the parser * liberal in what it accepts." />
      <item value="* By default, Gson is strict and only accepts JSON as specified by" />
      <item value="omitted" />
      <item value="* Returns true if this body expects at most one call to [writeTo] and can be transmitted * at most once. This is typically used when writing the request body is destructive and it is not * possible to recreate the request body after it has been sent." />
    </histories>
    <option name="languageScores">
      <map>
        <entry key="CHINESE" value="10" />
        <entry key="ENGLISH" value="11" />
      </map>
    </option>
  </component>
  <component name="Settings">
    <option name="ignoreRegExp" value="" />
  </component>
</application>