<application>
  <component name="RefactoringSettings">
    <option name="RENAME_SEARCH_IN_COMMENTS_FOR_FIELD" value="false" />
    <option name="RENAME_SEARCH_IN_COMMENTS_FOR_VARIABLE" value="false" />
    <option name="RENAME_SEARCH_FOR_TEXT_FOR_VARIABLE" value="false" />
    <option name="MOVE_PREVIEW_USAGES" value="false" />
    <option name="MOVE_INNER_PREVIEW_USAGES" value="false" />
    <option name="INTRODUCE_FIELD_VISIBILITY" value="private" />
    <option name="INTRODUCE_CONSTANT_VISIBILITY" value="public" />
    <option name="INTRODUCE_LOCAL_CREATE_FINALS" value="false" />
    <option name="RENAME_INHERITORS" value="false" />
    <option name="RENAME_TESTS" value="false" />
  </component>
</application>