<application>
  <component name="FileTypeManager" version="17">
    <extensionMap>
      <removed_mapping ext="ignore" approved="true" type="IgnoreLang file" />
      <mapping ext="webp" type="Image" />
      <mapping ext="main.kts" type="Kotlin" />
      <mapping ext="gradle.kts" type="Kotlin" />
      <mapping pattern="temp" type="PLAIN_TEXT" />
      <mapping pattern="22" type="PLAIN_TEXT" />
      <mapping pattern=".gitkeep" type="PLAIN_TEXT" />
      <mapping pattern="countrys" type="PLAIN_TEXT" />
      <mapping pattern="11" type="PLAIN_TEXT" />
      <mapping ext="md" type="PLAIN_TEXT" />
      <removed_mapping ext="psd" approved="true" type="Image" />
      <removed_mapping ext="ignore" approved="true" type="IgnoreLang file" />
      <removed_mapping ext="apk" approved="true" type="ARCHIVE" />
    </extensionMap>
  </component>
</application>