<application>
  <component name="AppStorage">
    <histories>
      <item value="* This class is the core bitmap class used by ZXing to represent 1 bit data. Reader objects * accept a BinaryBitmap and attempt to decode it. *" />
      <item value="* * This object extends LuminanceSource around an array of YUV data returned from the layout_camera driver, * with the option to crop to a rectangle within the full data. This can be used to exclude * superfluous pixels around the perimeter and speed up decoding. * &lt;p&gt; * It works for any pixel format where the Y channel is planar and appears first, including" />
      <item value="start Activity" />
      <item value="* Decode the data within the viewfinder rectangle, and time how long it took. For efficiency, * reuse the same reader objects from one decode to the next." />
      <item value="// Otherwise copy one cropped row at a time." />
      <item value="envelope" />
      <item value="add Filters" />
      <item value="inverse" />
      <item value="* Alternating, decoded query names and values, or null for no query. Names may be empty or * non-empty, but never null. Values are null if the name has no corresponding '=' separator, or * empty, or non-empty." />
      <item value="* Returns the connection the request will be executed on. This is only available in the chains * of network interceptors; for application interceptors this is always null." />
      <item value="Peeks" />
      <item value="transmits" />
      <item value="* Configures Gson to output Json that fits in a page for pretty printing. This option only * affects Json serialization." />
      <item value="This option makes the parser * liberal in what it accepts." />
      <item value="* By default, Gson is strict and only accepts JSON as specified by" />
      <item value="omitted" />
      <item value="* Returns true if this body expects at most one call to [writeTo] and can be transmitted * at most once. This is typically used when writing the request body is destructive and it is not * possible to recreate the request body after it has been sent." />
    </histories>
    <option name="languageScores">
      <map>
        <entry key="CHINESE" value="17" />
        <entry key="ENGLISH" value="18" />
      </map>
    </option>
  </component>
  <component name="Settings">
    <option name="ignoreRegExp" value="" />
  </component>
</application>