<application>
  <component name="VimEditorSettings">
    <editor />
  </component>
  <component name="VimHistorySettings">
    <history>
      <history-search>
        <entry encoding="base64">XDxCYXNlUmVzcG9uc2VcPg==</entry>
        <entry encoding="base64">XDxMb2dQcmludGVyXD4=</entry>
      </history-search>
      <history-cmd>
        <entry>set keep-english-in-normal-and-restore-in-insert</entry>
        <entry>60,73y</entry>
        <entry>36,46y</entry>
        <entry>282,295y</entry>
        <entry>88,109d</entry>
      </history-cmd>
      <history-expr />
      <history-input />
    </history>
  </component>
  <component name="VimKeySettings">
    <shortcut-conflicts>
      <shortcut-conflict owner="ide">
        <text>ctrl pressed Q</text>
      </shortcut-conflict>
      <shortcut-conflict owner="ide">
        <text>ctrl pressed V</text>
      </shortcut-conflict>
      <shortcut-conflict owner="ide">
        <text>ctrl pressed K</text>
      </shortcut-conflict>
      <shortcut-conflict owner="ide">
        <text>ctrl pressed A</text>
      </shortcut-conflict>
      <shortcut-conflict owner="ide">
        <text>ctrl pressed X</text>
      </shortcut-conflict>
      <shortcut-conflict owner="vim">
        <text>ctrl pressed N</text>
      </shortcut-conflict>
      <shortcut-conflict owner="ide">
        <text>ctrl pressed C</text>
      </shortcut-conflict>
      <shortcut-conflict owner="vim">
        <text>ctrl pressed D</text>
      </shortcut-conflict>
      <shortcut-conflict owner="ide">
        <text>ctrl pressed F</text>
      </shortcut-conflict>
      <shortcut-conflict owner="ide">
        <text>ctrl pressed H</text>
      </shortcut-conflict>
      <shortcut-conflict owner="ide">
        <text>ctrl pressed E</text>
      </shortcut-conflict>
      <shortcut-conflict owner="vim">
        <text>ctrl pressed S</text>
      </shortcut-conflict>
      <shortcut-conflict owner="vim">
        <text>ctrl pressed B</text>
      </shortcut-conflict>
      <shortcut-conflict owner="vim">
        <text>ctrl pressed O</text>
      </shortcut-conflict>
      <shortcut-conflict owner="vim">
        <text>ctrl pressed Y</text>
      </shortcut-conflict>
      <shortcut-conflict owner="vim">
        <text>ctrl pressed W</text>
      </shortcut-conflict>
      <shortcut-conflict owner="vim">
        <text>ctrl pressed J</text>
      </shortcut-conflict>
      <shortcut-conflict owner="vim">
        <text>ctrl pressed 2</text>
      </shortcut-conflict>
      <shortcut-conflict owner="vim">
        <text>ctrl pressed P</text>
      </shortcut-conflict>
      <shortcut-conflict owner="vim">
        <text>ctrl pressed L</text>
      </shortcut-conflict>
      <shortcut-conflict owner="vim">
        <text>ctrl pressed CLOSE_BRACKET</text>
      </shortcut-conflict>
      <shortcut-conflict owner="vim">
        <text>ctrl pressed G</text>
      </shortcut-conflict>
      <shortcut-conflict owner="vim">
        <text>ctrl pressed M</text>
      </shortcut-conflict>
      <shortcut-conflict owner="vim">
        <text>ctrl pressed U</text>
      </shortcut-conflict>
    </shortcut-conflicts>
  </component>
  <component name="VimMarksSettings">
    <globalmarks />
    <filemarks>
      <file name="D:/Code/CodeRepository/WanAndroid/app/src/main/java/com/ayvytr/wanandroid/ui/base/BaseArticleAdapter.kt" timestamp="1596161297687">
        <mark key="[" line="27" column="0" />
        <mark key="]" line="27" column="0" />
        <mark key="." line="27" column="0" />
      </file>
      <file name="/Dummy.txt" timestamp="1596163588060">
        <mark key="[" line="0" column="0" />
      </file>
      <file name="/fragment.kt" timestamp="1596161198623">
        <mark key="[" line="0" column="0" />
      </file>
      <file name="D:/Code/CodeRepository/WanAndroid/app/src/main/java/com/ayvytr/wanandroid/ui/collect/MyCollectFragment.kt" timestamp="1596163301898">
        <mark key="'" line="75" column="0" />
        <mark key="[" line="54" column="37" />
        <mark key="]" line="54" column="53" />
        <mark key="^" line="54" column="53" />
        <mark key="." line="54" column="52" />
      </file>
      <file name="D:/Code/CodeRepository/WanAndroid/app/src/main/java/com/ayvytr/wanandroid/ui/article/ArticleFragment.kt" timestamp="1596162790976">
        <mark key="[" line="72" column="0" />
        <mark key="]" line="72" column="38" />
        <mark key="." line="72" column="37" />
        <mark key="^" line="72" column="38" />
      </file>
      <file name="D:/Code/CodeRepository/WanAndroid/app/src/main/java/com/ayvytr/wanandroid/ui/top/TopArticleAdapter.kt" timestamp="1596162457019">
        <mark key="[" line="27" column="0" />
        <mark key="]" line="27" column="0" />
        <mark key="." line="27" column="0" />
        <mark key="^" line="26" column="28" />
      </file>
      <file name="D:/Code/CodeRepository/WanAndroid/app/src/main/res/layout/item_article.xml" timestamp="1596162529224">
        <mark key="[" line="54" column="58" />
        <mark key="]" line="55" column="30" />
        <mark key="^" line="55" column="30" />
        <mark key="." line="55" column="29" />
      </file>
      <file name="D:/Code/CodeRepository/WanAndroid/app/src/main/res/layout/item_wx_article_category.xml" timestamp="1596179368714">
        <mark key="[" line="9" column="0" />
        <mark key="]" line="9" column="78" />
        <mark key="." line="9" column="0" />
        <mark key="^" line="8" column="42" />
      </file>
      <file name="D:/Code/CodeRepository/WanAndroid/app/src/main/java/com/ayvytr/wanandroid/ui/base/TopArticleAdapter.kt" timestamp="1596160638685">
        <mark key="[" line="32" column="24" />
        <mark key="]" line="32" column="24" />
        <mark key="^" line="32" column="23" />
        <mark key="." line="32" column="24" />
      </file>
      <file name="D:/Code/CodeRepository/WanAndroid/app/src/main/java/com/ayvytr/wanandroid/ui/system/SystemListFragment.kt" timestamp="1596163512481">
        <mark key="[" line="59" column="0" />
        <mark key="]" line="59" column="98" />
        <mark key="^" line="25" column="15" />
        <mark key="." line="59" column="0" />
      </file>
      <file name="D:/Code/CodeRepository/WanAndroid/app/src/main/java/com/ayvytr/wanandroid/ui/base/BaseArticleFragment.kt" timestamp="1596163496632">
        <mark key="[" line="53" column="0" />
        <mark key="]" line="53" column="98" />
        <mark key="." line="53" column="96" />
        <mark key="^" line="53" column="97" />
      </file>
      <file name="D:/Code/CodeRepository/WanAndroid/app/src/main/java/com/ayvytr/wanandroid/ui/top/TopFragment.kt" timestamp="1596160556096">
        <mark key="[" line="32" column="0" />
        <mark key="]" line="32" column="81" />
        <mark key="." line="32" column="36" />
        <mark key="^" line="32" column="37" />
      </file>
      <file name="/fragment.java" timestamp="1596160963080">
        <mark key="[" line="0" column="0" />
      </file>
      <file name="D:/Code/CodeRepository/WanAndroid/app/src/main/res/drawable-v21/wx_category_item_bg_selector.xml" timestamp="1596180393084">
        <mark key="[" line="15" column="0" />
        <mark key="]" line="15" column="0" />
        <mark key="." line="15" column="0" />
        <mark key="^" line="6" column="12" />
      </file>
      <file name="D:/Code/P/JetpackMvvm/app/src/main/res/layout/fragment_me.xml" timestamp="1596166094210">
        <mark key="'" line="27" column="0" />
      </file>
    </filemarks>
    <jumps>
      <jump line="28" column="17" filename="D:/Code/Work/hmyDriverAndroid/CommonSDK/src/main/java/me/jessyan/armscomponent/commonsdk/core/Constants.java" />
      <jump line="41" column="0" filename="D:/Code/Work/hmyDriverAndroid/module_me/src/main/java/com/hmy/module/me/mvp/model/entity/CompanyJoinedBean.java" />
      <jump line="61" column="0" filename="D:/Code/Work/hmyCarAndroid/module_login/src/main/java/com/hmy/module/login/mvp/ui/activity/LoginActivity.java" />
      <jump line="38" column="63" filename="D:/Code/Work/hmyDriverAndroid/app/src/main/java/com/hmy/module/driver/mvp/ui/activity/WelcomeActivity.java" />
      <jump line="38" column="63" filename="D:/Code/Work/hmyGoodsAndroid/app/src/main/java/com/hmy/module/goods/mvp/ui/activity/WelcomeActivity.java" />
      <jump line="1005" column="29" filename="C:/Android/SDK/sources/android-29/android/view/ViewGroup.java" />
      <jump line="858" column="56" filename="D:/Code/Work/hmyCarAndroid/module_waybill/src/main/java/com/hmy/module/waybill/mvp/ui/activity/WayBillDetailActivity.java" />
      <jump line="23" column="18" filename="D:/Code/CodeRepository/Mvvm/mvvm-androidx/src/main/java/com/ayvytr/coroutine/viewmodel/BaseViewModel.kt" />
      <jump line="48" column="37" filename="$USER_HOME$/.gradle/caches/modules-2/files-2.1/com.ayvytr/network/2.3.0/bb05ba9d44f7cad66b868d8019c3d0ab47f41522/network-2.3.0-sources.jar!/com/ayvytr/network/ApiClient.kt" />
      <jump line="63" column="4" filename="D:/Code/Work/hmyGoodsAndroid/gradle.properties" />
      <jump line="17" column="11" filename="D:/Code/CodeRepository/Mvvm/mvvm-androidx/src/main/java/com/ayvytr/coroutine/BaseActivity.kt" />
      <jump line="17" column="11" filename="D:/Code/CodeRepository/Mvvm/mvvm-androidx/src/main/java/com/ayvytr/coroutine/viewmodel/BaseViewModel.kt" />
      <jump line="18" column="4" filename="D:/Code/CodeRepository/Mvvm/mvvm-androidx/src/main/java/com/ayvytr/coroutine/viewmodel/BaseViewModel.kt" />
      <jump line="185" column="40" filename="$USER_HOME$/.gradle/caches/modules-2/files-2.1/org.jetbrains.kotlinx/kotlinx-coroutines-core/1.3.2/ec56f8ab85c3a275dc74457902787ff8294b1978/kotlinx-coroutines-core-1.3.2-sources.jar!/commonMain/Job.kt" />
      <jump line="232" column="20" filename="D:/Code/Work/hmyCarAndroid/module_login/src/main/java/com/hmy/module/login/mvp/ui/activity/LoginActivity.java" />
      <jump line="311" column="24" filename="D:/Code/Work/hmyCarAndroid/module_login/src/main/java/com/hmy/module/login/mvp/ui/activity/MainLoginActivity.java" />
      <jump line="348" column="4" filename="D:/Code/Work/hmyCarAndroid/module_login/src/main/java/com/hmy/module/login/mvp/ui/activity/MainLoginActivity.java" />
      <jump line="154" column="11" filename="D:/Code/Work/hmyCarAndroid/module_login/src/main/java/com/hmy/module/login/mvp/ui/activity/LoginActivity.java" />
      <jump line="177" column="33" filename="D:/Code/Work/hmyCarAndroid/module_login/src/main/java/com/hmy/module/login/mvp/ui/activity/MainLoginActivity.java" />
      <jump line="165" column="26" filename="D:/Code/Work/hmyCarAndroid/module_login/src/main/java/com/hmy/module/login/mvp/ui/activity/RegisterUserActivity.java" />
      <jump line="175" column="6" filename="D:/Code/Work/hmyCarAndroid/module_login/src/main/java/com/hmy/module/login/mvp/ui/activity/LoginActivity.java" />
      <jump line="76" column="33" filename="D:/Code/Work/hmyCarAndroid/module_login/src/main/java/com/hmy/module/login/mvp/ui/activity/LoginActivity.java" />
      <jump line="51" column="0" filename="D:/Code/Work/hmyCarAndroid/module_login/src/main/java/com/hmy/module/login/mvp/ui/activity/LoginActivity.java" />
      <jump line="48" column="18" filename="D:/Code/CodeRepository/WanAndroid/app/src/main/java/com/ayvytr/wanandroid/ui/wx/WxArticleFragment.kt" />
      <jump line="405" column="30" filename="D:/Code/Work/hmyDriverAndroid/app/src/main/java/com/hmy/module/driver/mvp/ui/activity/MainStartActivity.java" />
      <jump line="351" column="53" filename="D:/Code/Work/hmyGoodsAndroid/app/src/main/java/com/hmy/module/goods/mvp/ui/activity/MainStartActivity.java" />
      <jump line="118" column="0" filename="D:/Code/Work/hmyDriverAndroid/app/src/main/java/com/hmy/module/driver/mvp/ui/activity/WelcomeActivity.java" />
      <jump line="61" column="12" filename="D:/Code/CodeRepository/WanAndroid/app/src/main/res/navigation/mobile_navigation.xml" />
      <jump line="695" column="21" filename="D:/Code/Work/hmyCarAndroid/module_waybill/src/main/java/com/hmy/module/waybill/mvp/ui/activity/WayBillDetailActivity.java" />
      <jump line="23" column="49" filename="D:/Code/Work/hmyCarAndroid/module_waybill/src/main/res/layout/activity_way_bill_detail.xml" />
      <jump line="303" column="32" filename="D:/Code/Work/hmyCarAndroid/module_waybill/src/main/res/layout/activity_way_bill_detail.xml" />
      <jump line="53" column="13" filename="D:/Code/Work/hmyCarAndroid/module_quote/src/main/java/com/hmy/module/quote/mvp/ui/activity/QuoteDetailActivity.java" />
      <jump line="482" column="0" filename="D:/Code/Work/hmyCarAndroid/module_quote/src/main/java/com/hmy/module/quote/mvp/ui/activity/QuoteDetailActivity.java" />
      <jump line="5" column="33" filename="D:/Code/Work/hmyCarAndroid/module_quote/src/main/res/layout/activity_quote_detail.xml" />
      <jump line="29" column="0" filename="D:/Code/Work/hmyCarAndroid/module_quote/src/main/res/layout/activity_quote_detail.xml" />
      <jump line="28" column="34" filename="D:/Code/Work/hmyCarAndroid/module_quote/src/main/res/layout/activity_quote_detail.xml" />
      <jump line="10" column="0" filename="D:/Code/Work/hmyCarAndroid/module_quote/src/main/res/layout/activity_quote_detail.xml" />
      <jump line="21" column="13" filename="D:/Code/CodeRepository/WanAndroid/versions.gradle" />
      <jump line="8" column="41" filename="D:/Code/CodeRepository/WanAndroid/app/src/main/res/layout/fragment_article.xml" />
      <jump line="22" column="82" filename="D:/Code/CodeRepository/WanAndroid/app/src/main/res/layout/layout_refresh_and_state.xml" />
      <jump line="120" column="13" filename="D:/Code/CodeRepository/WanAndroid/app/src/main/java/com/ayvytr/wanandroid/ui/top/TopFragment.kt" />
      <jump line="36" column="8" filename="D:/Code/CodeRepository/WanAndroid/app/src/main/java/com/ayvytr/wanandroid/ui/base/BaseArticleViewModel.kt" />
      <jump line="113" column="0" filename="D:/Code/CodeRepository/WanAndroid/app/src/main/java/com/ayvytr/wanandroid/ui/base/BaseArticleViewModel.kt" />
      <jump line="9" column="0" filename="D:/Code/CodeRepository/WanAndroid/app/src/main/res/layout/fragment_article.xml" />
      <jump line="17" column="44" filename="D:/Code/CodeRepository/WanAndroid/app/src/main/res/layout/fragment_article.xml" />
      <jump line="217" column="24" filename="D:/Code/Work/hmyDriverAndroid/module_waybill/src/main/java/com/hmy/module/waybill/mvp/ui/fragment/WayBillManagerChildFragment.java" />
      <jump line="490" column="21" filename="D:/Code/Work/hmyGoodsAndroid/module_waybill/src/main/java/com/hmy/module/waybill/mvp/ui/activity/WayBillSendCarEditInfoActivity.java" />
      <jump line="10" column="0" filename="D:/Code/Work/hmyGoodsAndroid/module_quote/src/main/res/layout/activity_select_quote.xml" />
      <jump line="468" column="20" filename="D:/Code/Work/hmyGoodsAndroid/module_quote/src/main/java/com/hmy/module/quote/mvp/ui/activity/QuoteDetailActivity.java" />
      <jump line="9" column="0" filename="D:/Code/Work/hmyGoodsAndroid/module_quote/src/main/res/layout/activity_quote_detail.xml" />
      <jump line="26" column="48" filename="D:/Code/Work/hmyGoodsAndroid/module_quote/src/main/res/layout/layout_reserve_loading_time.xml" />
      <jump line="7" column="0" filename="D:/Code/Work/hmyGoodsAndroid/module_waybill/src/main/res/layout/activity_way_bill_send_car_edit_info.xml" />
      <jump line="20" column="18" filename="D:/Code/Work/hmyGoodsAndroid/CommonRes/src/main/res/values/strings.xml" />
      <jump line="487" column="0" filename="D:/Code/Work/hmyGoodsAndroid/module_waybill/src/main/java/com/hmy/module/waybill/mvp/ui/activity/WayBillSendCarEditInfoActivity.java" />
      <jump line="173" column="27" filename="D:/Code/Work/hmyGoodsAndroid/module_waybill/src/main/java/com/hmy/module/waybill/mvp/ui/activity/WayBillSendCarEditInfoActivity.java" />
      <jump line="644" column="16" filename="D:/Code/Work/hmyGoodsAndroid/module_waybill/src/main/java/com/hmy/module/waybill/mvp/ui/activity/WayBillSendCarEditInfoActivity.java" />
      <jump line="474" column="44" filename="D:/Code/Work/hmyGoodsAndroid/module_waybill/src/main/java/com/hmy/module/waybill/mvp/ui/activity/WayBillSendCarEditInfoActivity.java" />
      <jump line="37" column="20" filename="D:/Code/Work/hmyGoodsAndroid/CommonRes/src/main/res/values/strings.xml" />
      <jump line="823" column="63" filename="D:/Code/Work/hmyGoodsAndroid/module_waybill/src/main/java/com/hmy/module/waybill/mvp/ui/activity/WayBillSendCarEditInfoActivity.java" />
      <jump line="732" column="33" filename="D:/Code/Work/hmyGoodsAndroid/module_waybill/src/main/java/com/hmy/module/waybill/mvp/ui/activity/WayBillSendCarEditInfoActivity.java" />
      <jump line="144" column="0" filename="D:/Code/Work/hmyGoodsAndroid/module_waybill/src/main/java/com/hmy/module/waybill/mvp/ui/activity/WayBillSendCarEditInfoActivity.java" />
      <jump line="123" column="15" filename="D:/Code/Work/hmyCarAndroid/module_login/src/main/java/com/hmy/module/login/mvp/ui/activity/LoginActivity.java" />
      <jump line="223" column="4" filename="D:/Code/Work/hmyCarAndroid/module_login/src/main/java/com/hmy/module/login/mvp/ui/activity/LoginActivity.java" />
      <jump line="418" column="32" filename="D:/Code/Work/hmyDriverAndroid/module_waybill/src/main/java/com/hmy/module/waybill/mvp/ui/activity/WayBillDetailActivity.java" />
      <jump line="12" column="29" filename="D:/Code/Work/hmyDriverAndroid/CommonRes/src/main/res/values/strings.xml" />
      <jump line="12" column="30" filename="D:/Code/Work/hmyCarAndroid/CommonRes/src/main/res/values/strings.xml" />
      <jump line="223" column="30" filename="D:/Code/Work/hmyGoodsAndroid/module_quote/src/main/java/com/hmy/module/quote/mvp/ui/activity/QuoteDetailActivity.java" />
      <jump line="503" column="21" filename="D:/Code/Work/hmyGoodsAndroid/module_waybill/src/main/java/com/hmy/module/waybill/mvp/ui/activity/WayBillSendCarEditInfoActivity.java" />
      <jump line="145" column="27" filename="D:/Code/Work/hmyGoodsAndroid/module_quote/src/main/java/com/hmy/module/quote/mvp/ui/activity/QuoteDetailActivity.java" />
      <jump line="101" column="0" filename="D:/Code/Work/hmyGoodsAndroid/module_waybill/src/main/java/com/hmy/module/waybill/mvp/model/entity/MentionOrderDetaiBean.java" />
      <jump line="71" column="3" filename="D:/Code/Work/hmyGoodsAndroid/module_waybill/src/main/java/com/hmy/module/waybill/mvp/model/entity/MentionOrderDetaiBean.java" />
      <jump line="86" column="48" filename="D:/Code/Work/hmyGoodsAndroid/CommonRes/src/main/java/me/jessyan/armscomponent/commonres/constant/CommonHttpUrl.java" />
      <jump line="49" column="6" filename="D:/Code/Work/hmyGoodsAndroid/module_waybill/src/main/java/com/hmy/module/waybill/mvp/model/api/service/ModuleWayBillService.java" />
      <jump line="40" column="32" filename="D:/Code/Work/hmyGoodsAndroid/CommonRes/src/main/java/me/jessyan/armscomponent/commonres/adapter/AllReserveTimeAdapter.java" />
      <jump line="147" column="4" filename="D:/Code/Work/hmyGoodsAndroid/module_quote/src/main/java/com/hmy/module/quote/mvp/ui/activity/AllReserveTimeActivity.java" />
      <jump line="710" column="17" filename="D:/Code/Work/hmyGoodsAndroid/module_waybill/src/main/java/com/hmy/module/waybill/mvp/ui/activity/WayBillSendCarEditInfoActivity.java" />
      <jump line="28" column="17" filename="D:/Code/Work/hmyGoodsAndroid/CommonSDK/src/main/java/me/jessyan/armscomponent/commonsdk/core/Constants.java" />
      <jump line="131" column="0" filename="D:/Code/Work/hmyGoodsAndroid/module_quote/src/main/java/com/hmy/module/quote/mvp/ui/activity/AllReserveTimeActivity.java" />
      <jump line="43" column="34" filename="D:/Code/Work/hmyDriverAndroid/module_waybill/src/main/java/com/hmy/module/waybill/mvp/model/entity/WayBillDetailBean.java" />
      <jump line="55" column="23" filename="D:/Code/Work/hmyCarAndroid/module_waybill/src/main/java/com/hmy/module/waybill/mvp/model/entity/WayBillDetailBean.java" />
      <jump line="57" column="3" filename="D:/Code/Work/hmyGoodsAndroid/module_waybill/src/main/java/com/hmy/module/waybill/mvp/model/entity/WayBillDetailBean.java" />
      <jump line="36" column="13" filename="D:/Code/Work/hmyGoodsAndroid/app/src/main/java/com/hmy/module/goods/mvp/ui/activity/WelcomeActivity.java" />
      <jump line="82" column="12" filename="D:/Code/Work/hmyDriverAndroid/config.gradle" />
      <jump line="14" column="63" filename="D:/Code/CodeRepository/WanAndroid/app/src/main/java/com/ayvytr/wanandroid/ui/system/SystemFragment.kt" />
      <jump line="18" column="0" filename="D:/Code/CodeRepository/WanAndroid/app/src/main/java/com/ayvytr/wanandroid/ui/system/SystemFragment.kt" />
      <jump line="30" column="26" filename="D:/Code/CodeRepository/WanAndroid/app/src/main/java/com/ayvytr/wanandroid/ui/system/SystemFragment.kt" />
      <jump line="118" column="23" filename="D:/Code/CodeRepository/WanAndroid/app/src/main/java/com/ayvytr/wanandroid/ui/wx/WxArticleFragment.kt" />
      <jump line="75" column="0" filename="D:/Code/CodeRepository/WanAndroid/app/src/main/java/com/ayvytr/wanandroid/ui/system/SystemListFragment.kt" />
      <jump line="35" column="46" filename="D:/Code/CodeRepository/WanAndroid/app/src/main/java/com/ayvytr/wanandroid/ui/system/SystemListFragment.kt" />
      <jump line="27" column="14" filename="D:/Code/CodeRepository/OKHttpLogInterceptor/okhttploginterceptor/src/main/java/com/ayvytr/okhttploginterceptor/LoggingInterceptor.kt" />
      <jump line="176" column="25" filename="D:/Code/CodeRepository/OKHttpLogInterceptor/okhttploginterceptor/src/main/java/com/ayvytr/okhttploginterceptor/LoggingInterceptor.kt" />
      <jump line="84" column="20" filename="D:/Code/CodeRepository/OKHttpLogInterceptor/okhttploginterceptor/src/main/java/com/ayvytr/okhttploginterceptor/LoggingInterceptor.kt" />
      <jump line="245" column="0" filename="D:/Code/CodeRepository/OKHttpLogInterceptor/okhttploginterceptor/src/main/java/com/ayvytr/okhttploginterceptor/LoggingInterceptor.kt" />
      <jump line="246" column="26" filename="D:/Code/CodeRepository/OKHttpLogInterceptor/okhttploginterceptor/src/main/java/com/ayvytr/okhttploginterceptor/LoggingInterceptor.kt" />
      <jump line="44" column="13" filename="D:/Code/CodeRepository/OKHttpLogInterceptor/okhttploginterceptor/src/main/java/com/ayvytr/okhttploginterceptor/LoggingInterceptor.kt" />
      <jump line="18" column="18" filename="D:/Code/CodeRepository/WanAndroid/app/src/main/java/com/ayvytr/wanandroid/Kt.kt" />
      <jump line="12" column="4" filename="D:/Code/CodeRepository/WanAndroid/app/src/main/java/com/ayvytr/wanandroid/arg.kt" />
      <jump line="76" column="29" filename="D:/Code/CodeRepository/WanAndroid/app/src/main/java/com/ayvytr/wanandroid/ui/base/BaseArticleFragment.kt" />
      <jump line="85" column="0" filename="D:/Code/CodeRepository/WanAndroid/app/src/main/java/com/ayvytr/wanandroid/ui/collect/MyCollectFragment.kt" />
      <jump line="27" column="0" filename="D:/Code/P/JetpackMvvm/app/src/main/res/layout/fragment_me.xml" />
    </jumps>
  </component>
  <component name="VimRegisterSettings">
    <registers>
      <register name="&quot;" type="2">
        <text encoding="base64">Cg==</text>
      </register>
      <register name="-" type="4">
        <text>blue</text>
      </register>
      <register name="/" type="4">
        <text encoding="base64">XDxMb2dQcmludGVyXD4=</text>
      </register>
      <register name="0" type="2">
        <text encoding="base64">ICAgICAgICAgICAgICAgIHNob3dNZXNzYWdlKGlmKGFydGljbGUuY29sbGVjdCkgUi5zdHJpbmcuY29sbGVjdGVkIGVsc2UgUi5zdHJpbmcuY2FuY2VsZWRfY29sbGVjdCkK</text>
      </register>
      <register name="1" type="2">
        <text encoding="base64">Cg==</text>
      </register>
      <register name="2" type="2">
        <text encoding="base64">Cg==</text>
      </register>
      <register name="3" type="2">
        <text encoding="base64">ICAgIDwhLS0gICAgICAgIGFuZHJvaWQ6YmFja2dyb3VuZD0iQGRyYXdhYmxlL3d4X2NhdGVnb3J5X2l0ZW1fYmdfc2VsZWN0b3IiLS0+Cg==</text>
      </register>
      <register name="4" type="2">
        <text encoding="base64">ICAgICAgICA8cmlwcGxlIGFuZHJvaWQ6Y29sb3I9IiNlZWUiIC8+Cg==</text>
      </register>
      <register name="5" type="2">
        <text encoding="base64">ICAgICAgICBhbmRyb2lkOmJhY2tncm91bmQ9Ij9zZWxlY3RhYmxlSXRlbUJhY2tncm91bmQiCg==</text>
      </register>
      <register name="6" type="2">
        <text encoding="base64">PCEtLSAgICAgICAgYW5kcm9pZDpiYWNrZ3JvdW5kPSJAZHJhd2FibGUvd3hfY2F0ZWdvcnlfaXRlbV9iZ19zZWxlY3RvciItLT4K</text>
      </register>
      <register name="7" type="2">
        <text encoding="base64">ICAgICAgICA8bGF5ZXItbGlzdD4KICAgICAgICAgICAgPGl0ZW0gCiAgICAgICAgPC9sYXllci1saXN0Pgo=</text>
      </register>
      <register name="8" type="2">
        <text encoding="base64">ICAgICAgICA8Cg==</text>
      </register>
      <register name="9" type="2">
        <text encoding="base64">ICAgICAgICA8cmlwcGxlIGFuZHJvaWQ6Y29sb3I9IkBjb2xvci9yZWQiCg==</text>
      </register>
      <register name=":" type="4">
        <text>88,109d</text>
      </register>
    </registers>
  </component>
  <component name="VimSearchSettings">
    <search>
      <last-search encoding="base64">XDxMb2dQcmludGVyXD4=</last-search>
      <last-offset />
      <last-pattern encoding="base64">XDxMb2dQcmludGVyXD4=</last-pattern>
      <last-dir>-1</last-dir>
      <show-last>false</show-last>
    </search>
  </component>
  <component name="VimSettings">
    <state version="6" enabled="true" />
    <notifications>
      <idea-join enabled="true" />
      <idea-put enabled="false" />
    </notifications>
  </component>
</application>