<application>
  <component name="VimEditorSettings">
    <editor />
  </component>
  <component name="VimHistorySettings">
    <history>
      <history-search>
        <entry encoding="base64">XDxCYXNlUmVzcG9uc2VcPg==</entry>
        <entry encoding="base64">XDxMb2dQcmludGVyXD4=</entry>
      </history-search>
      <history-cmd>
        <entry>set keep-english-in-normal-and-restore-in-insert</entry>
        <entry>60,73y</entry>
        <entry>36,46y</entry>
        <entry>282,295y</entry>
        <entry>88,109d</entry>
      </history-cmd>
      <history-expr />
      <history-input />
    </history>
  </component>
  <component name="VimKeySettings">
    <shortcut-conflicts>
      <shortcut-conflict owner="ide">
        <text>ctrl pressed Q</text>
      </shortcut-conflict>
      <shortcut-conflict owner="ide">
        <text>ctrl pressed V</text>
      </shortcut-conflict>
      <shortcut-conflict owner="ide">
        <text>ctrl pressed K</text>
      </shortcut-conflict>
      <shortcut-conflict owner="ide">
        <text>ctrl pressed A</text>
      </shortcut-conflict>
      <shortcut-conflict owner="ide">
        <text>ctrl pressed X</text>
      </shortcut-conflict>
      <shortcut-conflict owner="vim">
        <text>ctrl pressed N</text>
      </shortcut-conflict>
      <shortcut-conflict owner="ide">
        <text>ctrl pressed C</text>
      </shortcut-conflict>
      <shortcut-conflict owner="vim">
        <text>ctrl pressed D</text>
      </shortcut-conflict>
      <shortcut-conflict owner="ide">
        <text>ctrl pressed F</text>
      </shortcut-conflict>
      <shortcut-conflict owner="ide">
        <text>ctrl pressed H</text>
      </shortcut-conflict>
      <shortcut-conflict owner="ide">
        <text>ctrl pressed E</text>
      </shortcut-conflict>
      <shortcut-conflict owner="vim">
        <text>ctrl pressed S</text>
      </shortcut-conflict>
      <shortcut-conflict owner="vim">
        <text>ctrl pressed B</text>
      </shortcut-conflict>
      <shortcut-conflict owner="vim">
        <text>ctrl pressed O</text>
      </shortcut-conflict>
      <shortcut-conflict owner="vim">
        <text>ctrl pressed Y</text>
      </shortcut-conflict>
      <shortcut-conflict owner="vim">
        <text>ctrl pressed W</text>
      </shortcut-conflict>
      <shortcut-conflict owner="vim">
        <text>ctrl pressed J</text>
      </shortcut-conflict>
      <shortcut-conflict owner="vim">
        <text>ctrl pressed 2</text>
      </shortcut-conflict>
      <shortcut-conflict owner="vim">
        <text>ctrl pressed P</text>
      </shortcut-conflict>
      <shortcut-conflict owner="vim">
        <text>ctrl pressed L</text>
      </shortcut-conflict>
      <shortcut-conflict owner="vim">
        <text>ctrl pressed CLOSE_BRACKET</text>
      </shortcut-conflict>
      <shortcut-conflict owner="vim">
        <text>ctrl pressed G</text>
      </shortcut-conflict>
      <shortcut-conflict owner="vim">
        <text>ctrl pressed M</text>
      </shortcut-conflict>
      <shortcut-conflict owner="vim">
        <text>ctrl pressed U</text>
      </shortcut-conflict>
    </shortcut-conflicts>
  </component>
  <component name="VimMarksSettings">
    <globalmarks />
    <filemarks>
      <file name="D:/Code/Work/hmyDriverAndroid/module_waybill/src/main/java/com/hmy/module/waybill/mvp/ui/fragment/WayBillManagerChildFragment.java" timestamp="1596613787821">
        <mark key="[" line="212" column="54" />
        <mark key="]" line="213" column="9" />
        <mark key="^" line="213" column="9" />
        <mark key="." line="213" column="8" />
      </file>
      <file name="D:/Code/CodeRepository/WanAndroid/app/src/main/res/drawable/ic_item_article_bg.xml" timestamp="1596616704144">
        <mark key="[" line="4" column="34" />
        <mark key="]" line="4" column="44" />
        <mark key="." line="4" column="43" />
        <mark key="^" line="4" column="44" />
      </file>
      <file name="D:/Code/Work/hmyDriverAndroid/module_waybill/src/main/java/com/hmy/module/waybill/mvp/model/entity/WayBillDetailBean.java" timestamp="1596611059088">
        <mark key="'" line="38" column="23" />
        <mark key="[" line="356" column="0" />
        <mark key="]" line="359" column="0" />
        <mark key="^" line="361" column="27" />
        <mark key="." line="356" column="0" />
      </file>
      <file name="D:/Code/CodeRepository/WanAndroid/skin/night/src/main/res/drawable/ic_item_article_bg.xml" timestamp="1596616725918">
        <mark key="[" line="8" column="51" />
        <mark key="]" line="8" column="51" />
        <mark key="^" line="4" column="38" />
        <mark key="." line="8" column="51" />
      </file>
      <file name="D:/Code/CodeRepository/WanAndroid/skin/night/src/main/res/values/colors.xml" timestamp="1596617223146">
        <mark key="[" line="11" column="29" />
        <mark key="]" line="11" column="32" />
        <mark key="^" line="11" column="32" />
        <mark key="." line="11" column="31" />
      </file>
      <file name="D:/Code/Work/hmyDriverAndroid/module_waybill/src/main/java/com/hmy/module/waybill/mvp/ui/activity/WayBillDetailActivity.java" timestamp="1596609329732">
        <mark key="'" line="431" column="0" />
        <mark key="[" line="445" column="97" />
        <mark key="]" line="445" column="97" />
        <mark key="^" line="445" column="97" />
        <mark key="." line="445" column="96" />
      </file>
      <file name="D:/Code/Work/hmyGoodsAndroid/module_waybill/src/main/java/com/hmy/module/waybill/mvp/presenter/WayBillManagerChildPresenter.java" timestamp="1596613294028">
        <mark key="[" line="145" column="102" />
        <mark key="]" line="147" column="25" />
        <mark key="^" line="147" column="25" />
        <mark key="." line="147" column="24" />
      </file>
      <file name="D:/Code/Work/hmyGoodsAndroid/module_waybill/src/main/java/com/hmy/module/waybill/mvp/ui/fragment/WayBillManagerChildFragment.java" timestamp="1596613766850">
        <mark key="[" line="176" column="54" />
        <mark key="]" line="177" column="9" />
        <mark key="^" line="177" column="9" />
        <mark key="." line="177" column="8" />
      </file>
      <file name="D:/Code/Work/hmyDriverAndroid/config.gradle" timestamp="1596613054539">
        <mark key="[" line="7" column="36" />
        <mark key="]" line="7" column="37" />
        <mark key="." line="7" column="37" />
      </file>
      <file name="D:/Code/Work/hmyCarAndroid/config.gradle" timestamp="1596610672571">
        <mark key="[" line="7" column="36" />
        <mark key="]" line="7" column="37" />
        <mark key="." line="7" column="37" />
        <mark key="^" line="6" column="34" />
      </file>
      <file name="D:/Code/CodeRepository/WanAndroid/app/src/main/res/values/colors.xml" timestamp="1596617554718">
        <mark key="[" line="8" column="0" />
        <mark key="]" line="8" column="40" />
        <mark key="." line="8" column="31" />
        <mark key="^" line="8" column="32" />
      </file>
      <file name="D:/Code/Work/hmyCarAndroid/CommonRes/src/main/res/values/arrays.xml" timestamp="1596609342854">
        <mark key="'" line="11" column="19" />
        <mark key="[" line="26" column="19" />
        <mark key="]" line="47" column="19" />
        <mark key="^" line="47" column="19" />
        <mark key="." line="47" column="18" />
      </file>
      <file name="D:/Code/Work/hmyGoodsAndroid/config.gradle" timestamp="1596613099301">
        <mark key="[" line="8" column="36" />
        <mark key="]" line="8" column="37" />
        <mark key="." line="8" column="37" />
        <mark key="^" line="7" column="34" />
      </file>
      <file name="D:/Code/CodeRepository/WanAndroid/app/build.gradle" timestamp="1596617586093">
        <mark key="[" line="47" column="51" />
        <mark key="]" line="47" column="52" />
        <mark key="." line="47" column="52" />
      </file>
      <file name="/Dummy.txt" timestamp="1596614839606">
        <mark key="[" line="0" column="1" />
        <mark key="]" line="0" column="0" />
        <mark key="." line="0" column="0" />
      </file>
      <file name="D:/Code/Work/hmyCarAndroid/module_waybill/src/main/java/com/hmy/module/waybill/mvp/presenter/WayBillManagerChildPresenter.java" timestamp="1596613803215">
        <mark key="[" line="138" column="45" />
        <mark key="]" line="138" column="84" />
        <mark key="^" line="138" column="84" />
        <mark key="." line="138" column="83" />
      </file>
      <file name="D:/Code/Work/hmyDriverAndroid/module_waybill/src/main/java/com/hmy/module/waybill/mvp/presenter/WayBillManagerChildPresenter.java" timestamp="1596613708822">
        <mark key="[" line="142" column="101" />
        <mark key="]" line="144" column="25" />
        <mark key="." line="144" column="24" />
        <mark key="^" line="144" column="25" />
      </file>
      <file name="D:/Code/Work/hmyGoodsAndroid/module_waybill/src/main/res/layout/activity_way_bill_detail.xml" timestamp="1596613058122">
        <mark key="[" line="284" column="0" />
        <mark key="]" line="285" column="50" />
        <mark key="." line="284" column="0" />
        <mark key="^" line="301" column="51" />
      </file>
      <file name="D:/Code/Work/hmyCarAndroid/module_waybill/src/main/java/com/hmy/module/waybill/mvp/model/entity/WayBillDetailBean.java" timestamp="1596609378654">
        <mark key="'" line="79" column="0" />
        <mark key="[" line="650" column="5" />
        <mark key="]" line="716" column="5" />
        <mark key="^" line="716" column="5" />
        <mark key="." line="716" column="4" />
      </file>
      <file name="D:/Code/Work/hmyDriverAndroid/CommonRes/src/main/res/values/arrays.xml" timestamp="1596609344462">
        <mark key="'" line="10" column="20" />
        <mark key="[" line="26" column="19" />
        <mark key="]" line="47" column="19" />
        <mark key="^" line="47" column="19" />
        <mark key="." line="47" column="18" />
      </file>
    </filemarks>
    <jumps>
      <jump line="405" column="30" filename="D:/Code/Work/hmyDriverAndroid/app/src/main/java/com/hmy/module/driver/mvp/ui/activity/MainStartActivity.java" />
      <jump line="351" column="53" filename="D:/Code/Work/hmyGoodsAndroid/app/src/main/java/com/hmy/module/goods/mvp/ui/activity/MainStartActivity.java" />
      <jump line="118" column="0" filename="D:/Code/Work/hmyDriverAndroid/app/src/main/java/com/hmy/module/driver/mvp/ui/activity/WelcomeActivity.java" />
      <jump line="61" column="12" filename="D:/Code/CodeRepository/WanAndroid/app/src/main/res/navigation/mobile_navigation.xml" />
      <jump line="695" column="21" filename="D:/Code/Work/hmyCarAndroid/module_waybill/src/main/java/com/hmy/module/waybill/mvp/ui/activity/WayBillDetailActivity.java" />
      <jump line="23" column="49" filename="D:/Code/Work/hmyCarAndroid/module_waybill/src/main/res/layout/activity_way_bill_detail.xml" />
      <jump line="303" column="32" filename="D:/Code/Work/hmyCarAndroid/module_waybill/src/main/res/layout/activity_way_bill_detail.xml" />
      <jump line="53" column="13" filename="D:/Code/Work/hmyCarAndroid/module_quote/src/main/java/com/hmy/module/quote/mvp/ui/activity/QuoteDetailActivity.java" />
      <jump line="482" column="0" filename="D:/Code/Work/hmyCarAndroid/module_quote/src/main/java/com/hmy/module/quote/mvp/ui/activity/QuoteDetailActivity.java" />
      <jump line="5" column="33" filename="D:/Code/Work/hmyCarAndroid/module_quote/src/main/res/layout/activity_quote_detail.xml" />
      <jump line="29" column="0" filename="D:/Code/Work/hmyCarAndroid/module_quote/src/main/res/layout/activity_quote_detail.xml" />
      <jump line="28" column="34" filename="D:/Code/Work/hmyCarAndroid/module_quote/src/main/res/layout/activity_quote_detail.xml" />
      <jump line="10" column="0" filename="D:/Code/Work/hmyCarAndroid/module_quote/src/main/res/layout/activity_quote_detail.xml" />
      <jump line="21" column="13" filename="D:/Code/CodeRepository/WanAndroid/versions.gradle" />
      <jump line="8" column="41" filename="D:/Code/CodeRepository/WanAndroid/app/src/main/res/layout/fragment_article.xml" />
      <jump line="22" column="82" filename="D:/Code/CodeRepository/WanAndroid/app/src/main/res/layout/layout_refresh_and_state.xml" />
      <jump line="120" column="13" filename="D:/Code/CodeRepository/WanAndroid/app/src/main/java/com/ayvytr/wanandroid/ui/top/TopFragment.kt" />
      <jump line="36" column="8" filename="D:/Code/CodeRepository/WanAndroid/app/src/main/java/com/ayvytr/wanandroid/ui/base/BaseArticleViewModel.kt" />
      <jump line="113" column="0" filename="D:/Code/CodeRepository/WanAndroid/app/src/main/java/com/ayvytr/wanandroid/ui/base/BaseArticleViewModel.kt" />
      <jump line="9" column="0" filename="D:/Code/CodeRepository/WanAndroid/app/src/main/res/layout/fragment_article.xml" />
      <jump line="17" column="44" filename="D:/Code/CodeRepository/WanAndroid/app/src/main/res/layout/fragment_article.xml" />
      <jump line="217" column="24" filename="D:/Code/Work/hmyDriverAndroid/module_waybill/src/main/java/com/hmy/module/waybill/mvp/ui/fragment/WayBillManagerChildFragment.java" />
      <jump line="490" column="21" filename="D:/Code/Work/hmyGoodsAndroid/module_waybill/src/main/java/com/hmy/module/waybill/mvp/ui/activity/WayBillSendCarEditInfoActivity.java" />
      <jump line="10" column="0" filename="D:/Code/Work/hmyGoodsAndroid/module_quote/src/main/res/layout/activity_select_quote.xml" />
      <jump line="468" column="20" filename="D:/Code/Work/hmyGoodsAndroid/module_quote/src/main/java/com/hmy/module/quote/mvp/ui/activity/QuoteDetailActivity.java" />
      <jump line="9" column="0" filename="D:/Code/Work/hmyGoodsAndroid/module_quote/src/main/res/layout/activity_quote_detail.xml" />
      <jump line="26" column="48" filename="D:/Code/Work/hmyGoodsAndroid/module_quote/src/main/res/layout/layout_reserve_loading_time.xml" />
      <jump line="7" column="0" filename="D:/Code/Work/hmyGoodsAndroid/module_waybill/src/main/res/layout/activity_way_bill_send_car_edit_info.xml" />
      <jump line="20" column="18" filename="D:/Code/Work/hmyGoodsAndroid/CommonRes/src/main/res/values/strings.xml" />
      <jump line="487" column="0" filename="D:/Code/Work/hmyGoodsAndroid/module_waybill/src/main/java/com/hmy/module/waybill/mvp/ui/activity/WayBillSendCarEditInfoActivity.java" />
      <jump line="173" column="27" filename="D:/Code/Work/hmyGoodsAndroid/module_waybill/src/main/java/com/hmy/module/waybill/mvp/ui/activity/WayBillSendCarEditInfoActivity.java" />
      <jump line="644" column="16" filename="D:/Code/Work/hmyGoodsAndroid/module_waybill/src/main/java/com/hmy/module/waybill/mvp/ui/activity/WayBillSendCarEditInfoActivity.java" />
      <jump line="474" column="44" filename="D:/Code/Work/hmyGoodsAndroid/module_waybill/src/main/java/com/hmy/module/waybill/mvp/ui/activity/WayBillSendCarEditInfoActivity.java" />
      <jump line="37" column="20" filename="D:/Code/Work/hmyGoodsAndroid/CommonRes/src/main/res/values/strings.xml" />
      <jump line="823" column="63" filename="D:/Code/Work/hmyGoodsAndroid/module_waybill/src/main/java/com/hmy/module/waybill/mvp/ui/activity/WayBillSendCarEditInfoActivity.java" />
      <jump line="732" column="33" filename="D:/Code/Work/hmyGoodsAndroid/module_waybill/src/main/java/com/hmy/module/waybill/mvp/ui/activity/WayBillSendCarEditInfoActivity.java" />
      <jump line="144" column="0" filename="D:/Code/Work/hmyGoodsAndroid/module_waybill/src/main/java/com/hmy/module/waybill/mvp/ui/activity/WayBillSendCarEditInfoActivity.java" />
      <jump line="123" column="15" filename="D:/Code/Work/hmyCarAndroid/module_login/src/main/java/com/hmy/module/login/mvp/ui/activity/LoginActivity.java" />
      <jump line="223" column="4" filename="D:/Code/Work/hmyCarAndroid/module_login/src/main/java/com/hmy/module/login/mvp/ui/activity/LoginActivity.java" />
      <jump line="418" column="32" filename="D:/Code/Work/hmyDriverAndroid/module_waybill/src/main/java/com/hmy/module/waybill/mvp/ui/activity/WayBillDetailActivity.java" />
      <jump line="12" column="29" filename="D:/Code/Work/hmyDriverAndroid/CommonRes/src/main/res/values/strings.xml" />
      <jump line="12" column="30" filename="D:/Code/Work/hmyCarAndroid/CommonRes/src/main/res/values/strings.xml" />
      <jump line="223" column="30" filename="D:/Code/Work/hmyGoodsAndroid/module_quote/src/main/java/com/hmy/module/quote/mvp/ui/activity/QuoteDetailActivity.java" />
      <jump line="503" column="21" filename="D:/Code/Work/hmyGoodsAndroid/module_waybill/src/main/java/com/hmy/module/waybill/mvp/ui/activity/WayBillSendCarEditInfoActivity.java" />
      <jump line="145" column="27" filename="D:/Code/Work/hmyGoodsAndroid/module_quote/src/main/java/com/hmy/module/quote/mvp/ui/activity/QuoteDetailActivity.java" />
      <jump line="101" column="0" filename="D:/Code/Work/hmyGoodsAndroid/module_waybill/src/main/java/com/hmy/module/waybill/mvp/model/entity/MentionOrderDetaiBean.java" />
      <jump line="71" column="3" filename="D:/Code/Work/hmyGoodsAndroid/module_waybill/src/main/java/com/hmy/module/waybill/mvp/model/entity/MentionOrderDetaiBean.java" />
      <jump line="86" column="48" filename="D:/Code/Work/hmyGoodsAndroid/CommonRes/src/main/java/me/jessyan/armscomponent/commonres/constant/CommonHttpUrl.java" />
      <jump line="49" column="6" filename="D:/Code/Work/hmyGoodsAndroid/module_waybill/src/main/java/com/hmy/module/waybill/mvp/model/api/service/ModuleWayBillService.java" />
      <jump line="40" column="32" filename="D:/Code/Work/hmyGoodsAndroid/CommonRes/src/main/java/me/jessyan/armscomponent/commonres/adapter/AllReserveTimeAdapter.java" />
      <jump line="147" column="4" filename="D:/Code/Work/hmyGoodsAndroid/module_quote/src/main/java/com/hmy/module/quote/mvp/ui/activity/AllReserveTimeActivity.java" />
      <jump line="710" column="17" filename="D:/Code/Work/hmyGoodsAndroid/module_waybill/src/main/java/com/hmy/module/waybill/mvp/ui/activity/WayBillSendCarEditInfoActivity.java" />
      <jump line="28" column="17" filename="D:/Code/Work/hmyGoodsAndroid/CommonSDK/src/main/java/me/jessyan/armscomponent/commonsdk/core/Constants.java" />
      <jump line="131" column="0" filename="D:/Code/Work/hmyGoodsAndroid/module_quote/src/main/java/com/hmy/module/quote/mvp/ui/activity/AllReserveTimeActivity.java" />
      <jump line="43" column="34" filename="D:/Code/Work/hmyDriverAndroid/module_waybill/src/main/java/com/hmy/module/waybill/mvp/model/entity/WayBillDetailBean.java" />
      <jump line="55" column="23" filename="D:/Code/Work/hmyCarAndroid/module_waybill/src/main/java/com/hmy/module/waybill/mvp/model/entity/WayBillDetailBean.java" />
      <jump line="57" column="3" filename="D:/Code/Work/hmyGoodsAndroid/module_waybill/src/main/java/com/hmy/module/waybill/mvp/model/entity/WayBillDetailBean.java" />
      <jump line="36" column="13" filename="D:/Code/Work/hmyGoodsAndroid/app/src/main/java/com/hmy/module/goods/mvp/ui/activity/WelcomeActivity.java" />
      <jump line="82" column="12" filename="D:/Code/Work/hmyDriverAndroid/config.gradle" />
      <jump line="14" column="63" filename="D:/Code/CodeRepository/WanAndroid/app/src/main/java/com/ayvytr/wanandroid/ui/system/SystemFragment.kt" />
      <jump line="18" column="0" filename="D:/Code/CodeRepository/WanAndroid/app/src/main/java/com/ayvytr/wanandroid/ui/system/SystemFragment.kt" />
      <jump line="30" column="26" filename="D:/Code/CodeRepository/WanAndroid/app/src/main/java/com/ayvytr/wanandroid/ui/system/SystemFragment.kt" />
      <jump line="118" column="23" filename="D:/Code/CodeRepository/WanAndroid/app/src/main/java/com/ayvytr/wanandroid/ui/wx/WxArticleFragment.kt" />
      <jump line="75" column="0" filename="D:/Code/CodeRepository/WanAndroid/app/src/main/java/com/ayvytr/wanandroid/ui/system/SystemListFragment.kt" />
      <jump line="35" column="46" filename="D:/Code/CodeRepository/WanAndroid/app/src/main/java/com/ayvytr/wanandroid/ui/system/SystemListFragment.kt" />
      <jump line="27" column="14" filename="D:/Code/CodeRepository/OKHttpLogInterceptor/okhttploginterceptor/src/main/java/com/ayvytr/okhttploginterceptor/LoggingInterceptor.kt" />
      <jump line="176" column="25" filename="D:/Code/CodeRepository/OKHttpLogInterceptor/okhttploginterceptor/src/main/java/com/ayvytr/okhttploginterceptor/LoggingInterceptor.kt" />
      <jump line="84" column="20" filename="D:/Code/CodeRepository/OKHttpLogInterceptor/okhttploginterceptor/src/main/java/com/ayvytr/okhttploginterceptor/LoggingInterceptor.kt" />
      <jump line="245" column="0" filename="D:/Code/CodeRepository/OKHttpLogInterceptor/okhttploginterceptor/src/main/java/com/ayvytr/okhttploginterceptor/LoggingInterceptor.kt" />
      <jump line="246" column="26" filename="D:/Code/CodeRepository/OKHttpLogInterceptor/okhttploginterceptor/src/main/java/com/ayvytr/okhttploginterceptor/LoggingInterceptor.kt" />
      <jump line="44" column="13" filename="D:/Code/CodeRepository/OKHttpLogInterceptor/okhttploginterceptor/src/main/java/com/ayvytr/okhttploginterceptor/LoggingInterceptor.kt" />
      <jump line="18" column="18" filename="D:/Code/CodeRepository/WanAndroid/app/src/main/java/com/ayvytr/wanandroid/Kt.kt" />
      <jump line="12" column="4" filename="D:/Code/CodeRepository/WanAndroid/app/src/main/java/com/ayvytr/wanandroid/arg.kt" />
      <jump line="76" column="29" filename="D:/Code/CodeRepository/WanAndroid/app/src/main/java/com/ayvytr/wanandroid/ui/base/BaseArticleFragment.kt" />
      <jump line="85" column="0" filename="D:/Code/CodeRepository/WanAndroid/app/src/main/java/com/ayvytr/wanandroid/ui/collect/MyCollectFragment.kt" />
      <jump line="27" column="0" filename="D:/Code/P/JetpackMvvm/app/src/main/res/layout/fragment_me.xml" />
      <jump line="118" column="12" filename="D:/Code/Work/hmyDriverAndroid/CommonArms/src/main/java/com/jess/arms/base/BaseActivity.java" />
      <jump line="98" column="0" filename="D:/Code/Work/hmyDriverAndroid/module_me/src/main/java/com/hmy/module/me/mvp/ui/activity/CompanyJoinedManageActivity.java" />
      <jump line="117" column="18" filename="D:/Code/Work/hmyDriverAndroid/module_me/src/main/java/com/hmy/module/me/mvp/ui/activity/CompanyJoinedManageActivity.java" />
      <jump line="111" column="19" filename="D:/Code/Work/hmyDriverAndroid/module_me/src/main/java/com/hmy/module/me/mvp/ui/activity/CompanyJoinedManageActivity.java" />
      <jump line="19" column="0" filename="D:/Code/Work/hmyCarAndroid/CommonSDK/src/main/java/me/jessyan/armscomponent/commonsdk/utils/NotificationsUtils.java" />
      <jump line="39" column="13" filename="D:/Code/Work/hmyGoodsAndroid/CommonSDK/build.gradle" />
      <jump line="18" column="0" filename="D:/Code/CodeRepository/WanAndroid/app/build.gradle" />
      <jump line="18" column="0" filename="D:/Code/CodeRepository/WanAndroid/app/src/main/java/com/ayvytr/wanandroid/ui/webview/WebViewActivity.kt" />
      <jump line="12" column="24" filename="D:/Code/Work/hmyGoodsAndroid/CommonRes/src/main/res/values/strings.xml" />
      <jump line="1103" column="19" filename="D:/Code/Work/hmyGoodsAndroid/module_waybill/src/main/java/com/hmy/module/waybill/mvp/ui/activity/WayBillSendCarEditInfoActivity.java" />
      <jump line="11" column="0" filename="D:/Code/Work/hmyGoodsAndroid/CommonRes/src/main/res/values/strings.xml" />
      <jump line="58" column="26" filename="D:/Code/Work/hmyGoodsAndroid/module_waybill/src/main/java/com/hmy/module/waybill/mvp/model/entity/WayBillDetailBean.java" />
      <jump line="14" column="23" filename="D:/Code/Work/hmyGoodsAndroid/module_waybill/src/main/res/values/strings.xml" />
      <jump line="430" column="58" filename="D:/Code/Work/hmyGoodsAndroid/module_quote/src/main/java/com/hmy/module/quote/mvp/ui/activity/NewQuoteActivity.java" />
      <jump line="95" column="0" filename="D:/Code/Work/hmyGoodsAndroid/module_waybill/src/main/java/com/hmy/module/waybill/mvp/model/entity/WayBillDetailBean.java" />
      <jump line="403" column="0" filename="D:/Code/Work/hmyDriverAndroid/module_waybill/src/main/java/com/hmy/module/waybill/mvp/ui/activity/WayBillDetailActivity.java" />
      <jump line="10" column="20" filename="D:/Code/Work/hmyDriverAndroid/CommonRes/src/main/res/values/arrays.xml" />
      <jump line="34" column="23" filename="D:/Code/Work/hmyDriverAndroid/module_waybill/src/main/java/com/hmy/module/waybill/mvp/model/entity/WayBillDetailBean.java" />
      <jump line="9" column="42" filename="D:/Code/Work/hmyDriverAndroid/CommonRes/src/main/res/values/strings.xml" />
      <jump line="544" column="31" filename="D:/Code/Work/hmyCarAndroid/module_waybill/src/main/java/com/hmy/module/waybill/mvp/ui/activity/WayBillDetailActivity.java" />
      <jump line="190" column="22" filename="D:/Code/Work/hmyCarAndroid/CommonRes/src/main/res/values/strings.xml" />
      <jump line="556" column="20" filename="D:/Code/Work/hmyCarAndroid/module_waybill/src/main/java/com/hmy/module/waybill/mvp/ui/activity/WayBillDetailActivity.java" />
      <jump line="11" column="19" filename="D:/Code/Work/hmyCarAndroid/CommonRes/src/main/res/values/arrays.xml" />
      <jump line="75" column="0" filename="D:/Code/Work/hmyCarAndroid/module_waybill/src/main/java/com/hmy/module/waybill/mvp/model/entity/WayBillDetailBean.java" />
    </jumps>
  </component>
  <component name="VimRegisterSettings">
    <registers>
      <register name="&quot;" type="4">
        <text>888888</text>
      </register>
      <register name="-" type="4">
        <text>888888</text>
      </register>
      <register name="/" type="4">
        <text encoding="base64">XDxMb2dQcmludGVyXD4=</text>
      </register>
      <register name="0" type="2">
        <text encoding="base64">ICAgICAgICBsbElzVG9vTG9uZy5zZXRWaXNpYmlsaXR5KFRleHRVdGlscy5pc0VtcHR5KGJlYW4uZ2V0V2hlVG9vTG9uZygpKSA/IFZpZXcuR09ORSA6IFZpZXcuVklTSUJMRSk7Cg==</text>
      </register>
      <register name="1" type="2">
        <text encoding="base64">ICAgICAgICAgICAgICAgICAgICAgICAgaWYobVJvb3RWaWV3ICE9IG51bGwgJiYgbUFkYXB0ZXIgIT0gbnVsbCkK</text>
      </register>
      <register name="2" type="2">
        <text encoding="base64">Cg==</text>
      </register>
      <register name="3" type="2">
        <text encoding="base64">ICAgIHB1YmxpYyBib29sZWFuIGlzVG9vTG9uZygpIHsKICAgICAgICByZXR1cm4gIjEiLmVxdWFscyh3aGVUb29Mb25nKTsKICAgIH0KCg==</text>
      </register>
      <register name="4" type="2">
        <text encoding="base64">Cg==</text>
      </register>
      <register name="5" type="2">
        <text encoding="base64">ICAgICAgICBsbE1vcmVMZW5ndGguc2V0VmlzaWJpbGl0eSgpOwo=</text>
      </register>
      <register name="6" type="2">
        <text encoding="base64">Cg==</text>
      </register>
      <register name="7" type="2">
        <text encoding="base64">Cg==</text>
      </register>
      <register name="8" type="2">
        <text encoding="base64">ICAgICAgICB0dmNhcgo=</text>
      </register>
      <register name="9" type="2">
        <text encoding="base64">ICAgICAgICAgICAgICAgICAgICAgICAgYW5kcm9pZDpsYXlvdXREaXJlY3Rpb249ImluaGVyaXQiCg==</text>
      </register>
      <register name=":" type="4">
        <text>88,109d</text>
      </register>
    </registers>
  </component>
  <component name="VimSearchSettings">
    <search>
      <last-search encoding="base64">XDxMb2dQcmludGVyXD4=</last-search>
      <last-offset />
      <last-pattern encoding="base64">XDxMb2dQcmludGVyXD4=</last-pattern>
      <last-dir>-1</last-dir>
      <show-last>false</show-last>
    </search>
  </component>
  <component name="VimSettings">
    <state version="6" enabled="true" />
    <notifications>
      <idea-join enabled="true" />
      <idea-put enabled="false" />
    </notifications>
  </component>
</application>