<application>
  <component name="AppStorage">
    <histories>
      <item value="canceled" />
      <item value="canceled collect" />
      <item value="appoint Load Time" />
      <item value="TextView uses TransformationMethods to do things like replacing the * characters of passwords with dots, or keeping the newline characters * from causing line breaks in single-line text fields." />
      <item value="show Appoint Time" />
      <item value="content Scrim" />
      <item value="parallax" />
      <item value="inspection" />
      <item value="set Tag If Absent" />
      <item value="strikethrough" />
      <item value="expose" />
      <item value="/** * Instance of this interface manage which X509 certificates * may be used to authenticate the remote side of a secure * socket. Decisions may be based on trusted certificate * authorities, certificate revocation lists, online * status checking or other means." />
      <item value="cache To Permanent" />
      <item value="features" />
      <item value="accessing" />
      <item value="* General category &quot;Cs&quot; in the Unicode specification." />
      <item value="/** * Flag for {@link #showSoftInput} to indicate that this is an implicit * request to show the input window, not as the result of a direct request * by the user. The window may not be shown in this case." />
      <item value="destination" />
      <item value="is Lunar Calendar" />
      <item value="To improve user privacy, direct access to shared/external * storage devices is deprecated. When an app targets * {@link android.os.Build.VERSION_CODES#Q}, the path returned * from this method is no longer directly accessible to apps. * Apps can continue to access content stored on shared/external * storage by migrating to alternatives such as * {@link Context#getExternalFilesDir(String)}, * {@link MediaStore}, or {@link Intent#ACTION_OPEN_DOCUMENT}." />
      <item value="LEANBACK LAUNCHER" />
      <item value="inspect" />
      <item value="spy" />
      <item value="companion" />
      <item value="Volatile" />
      <item value="* if it's empty or already starts with an upper case letter." />
      <item value="that" />
      <item value="penalty Death" />
      <item value="penalty Log" />
      <item value="/** Log detected violations to the system log. */" />
      <item value="* Returns the last element in this list." />
      <item value="no-op" />
      <item value="retained" />
      <item value="compute Retained Heap Size" />
      <item value="presentation" />
      <item value="lifecycle" />
      <item value="framework" />
      <item value="persistor" />
      <item value="Cookie Persistor" />
      <item value="Shared Prefs Cookie Persistor" />
      <item value="* Clears internal data structures." />
      <item value="Drain" />
      <item value="persisted" />
      <item value="present" />
      <item value="serial" />
      <item value="serial Version UID" />
      <item value="Serializable" />
      <item value="clear Session" />
      <item value="transient" />
      <item value="/** Returns true if this cookie expires at the end of the current session. */" />
    </histories>
    <option name="languageScores">
      <map>
        <entry key="CHINESE" value="106" />
        <entry key="ENGLISH" value="106" />
        <entry key="DUTCH" value="2" />
        <entry key="SPANISH" value="1" />
      </map>
    </option>
  </component>
  <component name="Settings">
    <option name="ignoreRegExp" value="" />
  </component>
</application>