<application>
  <component name="AppStorage">
    <histories>
      <item value="incompatible" />
      <item value="determined" />
      <item value="* Called when a change in the shown pages is going to start being made." />
      <item value="Optional view to be the parent of the generated hierarchy (if * &lt;em&gt;attachToRoot&lt;/em&gt; is true), or else simply an object that * provides a set of LayoutParams values for root of the returned * hierarchy (if &lt;em&gt;attachToRoot&lt;/em&gt; is false.)" />
      <item value="hether the inflated hierarchy should be attached to * the root parameter? If false, root is only used to create the * correct subclass of LayoutParams for the root view in the XML." />
      <item value="Optional view to be the parent of the generated hierarchy." />
      <item value="Inflate a new view hierarchy from the specified xml resource. Throws" />
      <item value="inflate" />
      <item value="Retrieve the top-level window decor view (containing the standard * window frame/decorations and the client's content inside of that), which * can be added as a window to the window manager." />
      <item value="// This is a bit weird. In the framework, the window sizing attributes control // the decor view's size, meaning that any padding is inset for the min/max widths below. // We don't control measurement at that level, so we need to workaround it by making sure // that the decor view's padding is taken into account." />
      <item value="* Does the hard part of measureChildren: figuring out the MeasureSpec to * pass to a particular child. This method figures out the right MeasureSpec * for one dimension (height or width) of one child view." />
      <item value="The child can be as large as it wants up * to the specified size." />
      <item value="specification" />
      <item value="constraint" />
      <item value="imposed" />
      <item value="* A MeasureSpec encapsulates the layout requirements passed from parent to child. * Each MeasureSpec represents a requirement for either the width or the height. * A MeasureSpec is comprised of a size and a mode. There are three possible * modes: * &lt;dl&gt; * &lt;dt&gt;UNSPECIFIED&lt;/dt&gt; * &lt;dd&gt; * The parent has not imposed any constraint on the child. It can be whatever size * it wants. * &lt;/dd&gt; * * &lt;dt&gt;EXACTLY&lt;/dt&gt; * &lt;dd&gt; * The parent has determined an exact size for the child. The child is going to be * given those bounds regardless of how big it wants to be. * &lt;/dd&gt; * * &lt;dt&gt;AT_MOST&lt;/dt&gt; * &lt;dd&gt; * The child can be as large as it wants up to the specified size. * &lt;/dd&gt; * &lt;/dl&gt; * * MeasureSpecs are implemented as ints to reduce object allocation. This class * is provided to pack and unpack the &amp;lt;size, mode&amp;gt; tuple into the int." />
      <item value="get Shipper" />
      <item value="tv shipping address" />
      <item value="hexingbo" />
      <item value="* Sets the SearchableInfo for this SearchView. Properties in the SearchableInfo are used * to display labels, hints, suggestions, create intents for launching search results screens * and controlling other affordances such as a voice button." />
      <item value="* Extended floating action buttons are used for a special type of promoted action. They are * distinguished by an icon and a text floating above the UI and have special motion behaviors * related to morphing, launching, and the transferring anchor point. *" />
      <item value="The complex floating point value multiplied by the appropriate" />
      <item value="Current display metrics to use in the conversion -- * supplies display density and scaling information." />
      <item value="** * Converts an unpacked complex data value holding a dimension to its final floating * point value. The two parameters &lt;var&gt;unit&lt;/var&gt; and &lt;var&gt;value&lt;/var&gt;" />
      <item value="* This class is the core bitmap class used by ZXing to represent 1 bit data. Reader objects * accept a BinaryBitmap and attempt to decode it. *" />
      <item value="* * This object extends LuminanceSource around an array of YUV data returned from the layout_camera driver, * with the option to crop to a rectangle within the full data. This can be used to exclude * superfluous pixels around the perimeter and speed up decoding. * &lt;p&gt; * It works for any pixel format where the Y channel is planar and appears first, including" />
      <item value="start Activity" />
      <item value="* Decode the data within the viewfinder rectangle, and time how long it took. For efficiency, * reuse the same reader objects from one decode to the next." />
      <item value="// Otherwise copy one cropped row at a time." />
      <item value="envelope" />
      <item value="add Filters" />
      <item value="inverse" />
      <item value="* Alternating, decoded query names and values, or null for no query. Names may be empty or * non-empty, but never null. Values are null if the name has no corresponding '=' separator, or * empty, or non-empty." />
      <item value="* Returns the connection the request will be executed on. This is only available in the chains * of network interceptors; for application interceptors this is always null." />
      <item value="Peeks" />
      <item value="transmits" />
      <item value="* Configures Gson to output Json that fits in a page for pretty printing. This option only * affects Json serialization." />
      <item value="This option makes the parser * liberal in what it accepts." />
      <item value="* By default, Gson is strict and only accepts JSON as specified by" />
      <item value="omitted" />
      <item value="* Returns true if this body expects at most one call to [writeTo] and can be transmitted * at most once. This is typically used when writing the request body is destructive and it is not * possible to recreate the request body after it has been sent." />
    </histories>
    <option name="languageScores">
      <map>
        <entry key="CHINESE" value="45" />
        <entry key="ENGLISH" value="46" />
      </map>
    </option>
  </component>
  <component name="Settings">
    <option name="ignoreRegExp" value="" />
  </component>
</application>