<keymap version="1" name="Vs" parent="Visual Studio">
  <action id="$ChooseTranslatorAction" />
  <action id="Android.SyncProject">
    <keyboard-shortcut first-keystroke="shift ctrl s" />
  </action>
  <action id="CollapseSelection" />
  <action id="ContextHelp" />
  <action id="EditorChooseLookupItemDot" />
  <action id="FileChooser.TogglePathShowing" />
  <action id="FileStructurePopup">
    <keyboard-shortcut first-keystroke="ctrl period" />
  </action>
  <action id="Git.Pull">
    <keyboard-shortcut first-keystroke="shift ctrl p" />
  </action>
  <action id="GotoPreviousError">
    <keyboard-shortcut first-keystroke="shift f2" />
    <keyboard-shortcut first-keystroke="ctrl f2" />
  </action>
  <action id="GotoTypeDeclaration">
    <keyboard-shortcut first-keystroke="ctrl f12" />
  </action>
  <action id="InsertLiveTemplate">
    <keyboard-shortcut first-keystroke="ctrl l" />
  </action>
  <action id="ModuleSettings">
    <keyboard-shortcut first-keystroke="f4" />
  </action>
  <action id="NewClass">
    <keyboard-shortcut first-keystroke="ctrl j" />
  </action>
  <action id="NewModule">
    <keyboard-shortcut first-keystroke="ctrl m" />
  </action>
  <action id="NewProject">
    <keyboard-shortcut first-keystroke="ctrl p" />
  </action>
  <action id="Pause">
    <keyboard-shortcut first-keystroke="ctrl pause" />
  </action>
  <action id="Print" />
  <action id="QuickJavaDoc">
    <keyboard-shortcut first-keystroke="ctrl q" />
    <keyboard-shortcut first-keystroke="f1" />
  </action>
  <action id="ReformatCode">
    <keyboard-shortcut first-keystroke="alt f8" />
  </action>
  <action id="RevealIn">
    <keyboard-shortcut first-keystroke="ctrl alt s" />
  </action>
  <action id="ShowExecutionPoint">
    <keyboard-shortcut first-keystroke="alt multiply" />
  </action>
  <action id="SwitchApply">
    <keyboard-shortcut first-keystroke="shift alt enter" />
  </action>
  <action id="SwitchDown">
    <keyboard-shortcut first-keystroke="shift alt down" />
  </action>
  <action id="SwitchLeft">
    <keyboard-shortcut first-keystroke="shift alt left" />
  </action>
  <action id="SwitchRight">
    <keyboard-shortcut first-keystroke="shift alt right" />
  </action>
  <action id="SwitchUp">
    <keyboard-shortcut first-keystroke="shift alt up" />
  </action>
  <action id="ToggleBookmark" />
  <action id="UpdateRunningApplication" />
  <action id="Vcs.ShowMessageHistory">
    <keyboard-shortcut first-keystroke="ctrl e" />
  </action>
  <action id="VimPluginToggle">
    <keyboard-shortcut first-keystroke="ctrl alt back_quote" />
  </action>
  <action id="android.deploy.ApplyChanges">
    <keyboard-shortcut first-keystroke="ctrl f10" />
  </action>
  <action id="android.deploy.CodeSwap">
    <keyboard-shortcut first-keystroke="ctrl alt f10" />
  </action>
</keymap>